trait_id	outcome_family	original_effect_difference	effect_difference_common	original_uncertainty_class	uncertainty_class_common	transition_status	nsnp_common_analysis
age_smoking_initiation_gscan	tier1_001_hypertension	0.041790121548938	0.0417901215489379	inconclusive_or_no_evidence_in_either_source	inconclusive_or_no_evidence_in_either_source	No FDR heterogeneity	7
age_smoking_initiation_gscan	tier1_002_hypertension_essential	0.023712940949534	0.0237129409495342	inconclusive_or_no_evidence_in_either_source	inconclusive_or_no_evidence_in_either_source	No FDR heterogeneity	7
age_smoking_initiation_gscan	tier1_003_ischaemic_heart_disease_wide_definition	-0.030987622843505	-0.0309876228435048	inconclusive_or_no_evidence_in_either_source	inconclusive_or_no_evidence_in_either_source	No FDR heterogeneity	7
age_smoking_initiation_gscan	tier1_004_angina_pectoris	0.089240684704369	0.14983870686253	inconclusive_or_no_evidence_in_either_source	inconclusive_or_no_evidence_in_either_source	No FDR heterogeneity	6
age_smoking_initiation_gscan	tier1_005_atrial_fibrillation_and_flutter	-0.167187014657172	-0.131087071496041	inconclusive_or_no_evidence_in_either_source	inconclusive_or_no_evidence_in_either_source	No FDR heterogeneity	6
age_smoking_initiation_gscan	tier1_006_obesity	0.067401801138201	0.103203494145082	inconclusive_or_no_evidence_in_either_source	inconclusive_or_no_evidence_in_either_source	No FDR heterogeneity	6
age_smoking_initiation_gscan	tier1_007_obesity_due_to_excess_calories	0.162097312532515	0.272053855870199	inconclusive_or_no_evidence_in_either_source	inconclusive_or_no_evidence_in_either_source	No FDR heterogeneity	6
age_smoking_initiation_gscan	tier1_008_varicose_veins	0.676945411203756	0.613338325936509	inconclusive_or_no_evidence_in_either_source	inconclusive_or_no_evidence_in_either_source	No FDR heterogeneity	6
age_smoking_initiation_gscan	tier1_009_conduction_disorders	-0.0837266982265755	-0.259271362845824	inconclusive_or_no_evidence_in_either_source	inconclusive_or_no_evidence_in_either_source	No FDR heterogeneity	6
age_smoking_initiation_gscan	tier1_010_heart_failure_strict	-0.105316223037313	0.0174282815505447	inconclusive_or_no_evidence_in_either_source	inconclusive_or_no_evidence_in_either_source	No FDR heterogeneity	6
age_smoking_initiation_gscan	tier1_011_heart_failure_and_coronary_heart_disease	-0.0608755356026697	0.0713526513412786	inconclusive_or_no_evidence_in_either_source	inconclusive_or_no_evidence_in_either_source	No FDR heterogeneity	6
age_smoking_initiation_gscan	tier1_012_hypotension	-0.394881327799071	-0.237590343552704	inconclusive_or_no_evidence_in_either_source	inconclusive_or_no_evidence_in_either_source	No FDR heterogeneity	6
age_smoking_initiation_gscan	tier1_013_unstable_angina_pectoris	0.335410106819394	0.439385759079324	inconclusive_or_no_evidence_in_either_source	inconclusive_or_no_evidence_in_either_source	No FDR heterogeneity	6
age_smoking_initiation_gscan	tier1_014_hernia	0.163193593172892	0.163193593172892	inconclusive_or_no_evidence_in_either_source	inconclusive_or_no_evidence_in_either_source	No FDR heterogeneity	7
age_smoking_initiation_gscan	tier1_015_diverticular_disease_of_intestine	0.312420378854178	0.264943761395624	inconclusive_or_no_evidence_in_either_source	inconclusive_or_no_evidence_in_either_source	No FDR heterogeneity	6
age_smoking_initiation_gscan	tier1_016_hernia_of_abdominal_wall	-0.385795858284331	-0.385795858284331	asymmetric_support_without_demonstrated_heterogeneity	asymmetric_support_without_demonstrated_heterogeneity	No FDR heterogeneity	7
age_smoking_initiation_gscan	tier1_017_inguinal_hernia	0.0749851576606636	0.0985052181331955	inconclusive_or_no_evidence_in_either_source	inconclusive_or_no_evidence_in_either_source	No FDR heterogeneity	6
age_smoking_initiation_gscan	tier1_018_cholelithiasis	-0.000242454401040593	-0.000242454401040648	inconclusive_or_no_evidence_in_either_source	inconclusive_or_no_evidence_in_either_source	No FDR heterogeneity	7
age_smoking_initiation_gscan	tier1_019_diaphragmatic_hernia	0.302023345454585	0.302023345454585	asymmetric_support_without_demonstrated_heterogeneity	asymmetric_support_without_demonstrated_heterogeneity	No FDR heterogeneity	7
age_smoking_initiation_gscan	tier1_020_obesity_related_asthma	0.113865223756201	0.0503040272963665	inconclusive_or_no_evidence_in_either_source	inconclusive_or_no_evidence_in_either_source	No FDR heterogeneity	6
age_smoking_initiation_gscan	tier1_021_influenza_and_pneumonia	-0.104620209142806	-0.0220670584270493	inconclusive_or_no_evidence_in_either_source	inconclusive_or_no_evidence_in_either_source	No FDR heterogeneity	6
age_smoking_initiation_gscan	tier1_022_asthma_related_pneumonia	0.147260135024469	0.115258169533917	inconclusive_or_no_evidence_in_either_source	inconclusive_or_no_evidence_in_either_source	No FDR heterogeneity	6
age_smoking_initiation_gscan	tier1_023_constipation	0.0438490488363933	0.0366983350585893	inconclusive_or_no_evidence_in_either_source	inconclusive_or_no_evidence_in_either_source	No FDR heterogeneity	6
age_smoking_initiation_gscan	tier1_024_other_gastritis_incl_duodenitis	0.621744679736843	0.621744679736844	asymmetric_support_without_demonstrated_heterogeneity	asymmetric_support_without_demonstrated_heterogeneity	No FDR heterogeneity	7
age_smoking_initiation_gscan	tier1_025_hernia_of_abdominal_wall_postoperative	-0.676344939813781	-0.67634493981378	asymmetric_support_without_demonstrated_heterogeneity	asymmetric_support_without_demonstrated_heterogeneity	No FDR heterogeneity	7
age_smoking_initiation_gscan	tier1_026_irritable_bowel_syndrome	-0.894141617158754	-0.767420247200129	asymmetric_support_without_demonstrated_heterogeneity	inconclusive_or_no_evidence_in_either_source	No FDR heterogeneity	6
age_smoking_initiation_gscan	tier1_027_pleural_effusion	-0.149420605642197	-0.0269775407102447	asymmetric_support_without_demonstrated_heterogeneity	inconclusive_or_no_evidence_in_either_source	No FDR heterogeneity	6
age_smoking_initiation_gscan	tier1_028_gastric_ulcer	-0.221553307020584	-0.149092874844615	inconclusive_or_no_evidence_in_either_source	inconclusive_or_no_evidence_in_either_source	No FDR heterogeneity	6
age_smoking_initiation_gscan	tier1_029_noninflammatory_disorders_of_female_genital_tract	-0.636909381987489	-0.63690938198749	inconclusive_or_no_evidence_in_either_source	inconclusive_or_no_evidence_in_either_source	No FDR heterogeneity	7
age_smoking_initiation_gscan	tier1_030_hyperplasia_of_prostate	-0.240200102598081	-0.266088130020687	inconclusive_or_no_evidence_in_either_source	inconclusive_or_no_evidence_in_either_source	No FDR heterogeneity	6
age_smoking_initiation_gscan	tier1_031_renal_failure	0.050382480989372	0.00685958107068052	inconclusive_or_no_evidence_in_either_source	inconclusive_or_no_evidence_in_either_source	No FDR heterogeneity	6
age_smoking_initiation_gscan	tier1_032_polyp_of_the_female_genital_tract	-0.28602005263883	-0.447555324472898	inconclusive_or_no_evidence_in_either_source	inconclusive_or_no_evidence_in_either_source	No FDR heterogeneity	6
age_smoking_initiation_gscan	tier1_033_postmenopausal_bleeding	-1.10806326368965	-1.12496234690846	asymmetric_support_without_demonstrated_heterogeneity	asymmetric_support_without_demonstrated_heterogeneity	No FDR heterogeneity	6
age_smoking_initiation_gscan	tier1_034_acute_renal_failure	0.076809575355748	-0.0546918330932255	inconclusive_or_no_evidence_in_either_source	inconclusive_or_no_evidence_in_either_source	No FDR heterogeneity	6
age_smoking_initiation_gscan	tier1_035_inflammatory_diseases_of_female_pelvic_organs	-0.881116935614347	-0.790739897446953	inconclusive_or_no_evidence_in_either_source	inconclusive_or_no_evidence_in_either_source	No FDR heterogeneity	6
age_smoking_initiation_gscan	tier1_036_ovarian_cyst	-0.523538703270712	-0.466543320211418	inconclusive_or_no_evidence_in_either_source	inconclusive_or_no_evidence_in_either_source	No FDR heterogeneity	6
age_smoking_initiation_gscan	tier1_037_low_back_pain	-0.108797373026045	-0.108797373026045	inconclusive_or_no_evidence_in_either_source	inconclusive_or_no_evidence_in_either_source	No FDR heterogeneity	7
age_smoking_initiation_gscan	tier1_038_disorders_of_synovium_and_tendon	-0.352413453076749	-0.354453046831918	inconclusive_or_no_evidence_in_either_source	inconclusive_or_no_evidence_in_either_source	No FDR heterogeneity	6
age_smoking_initiation_gscan	tier1_039_pain_in_joint	-0.598615429253253	-0.59755704049521	inconclusive_or_no_evidence_in_either_source	inconclusive_or_no_evidence_in_either_source	No FDR heterogeneity	6
age_smoking_initiation_gscan	tier1_040_osteoporosis	0.062330567929463	0.00168430796282826	inconclusive_or_no_evidence_in_either_source	inconclusive_or_no_evidence_in_either_source	No FDR heterogeneity	6
age_smoking_initiation_gscan	tier1_041_pain_in_limb	0.176129073997531	0.131984089893859	asymmetric_support_without_demonstrated_heterogeneity	asymmetric_support_without_demonstrated_heterogeneity	No FDR heterogeneity	6
age_smoking_initiation_gscan	tier1_042_polyarthropathies	-0.314983347160736	-0.334227779337806	inconclusive_or_no_evidence_in_either_source	inconclusive_or_no_evidence_in_either_source	No FDR heterogeneity	6
age_smoking_initiation_gscan	tier1_043_rheumatoid_arthritis	-0.571790405872805	-0.464248738866315	inconclusive_or_no_evidence_in_either_source	inconclusive_or_no_evidence_in_either_source	No FDR heterogeneity	6
age_smoking_initiation_gscan	tier1_044_spinal_stenosis	-0.268879492088601	-0.167773092181363	asymmetric_support_without_demonstrated_heterogeneity	asymmetric_support_without_demonstrated_heterogeneity	No FDR heterogeneity	6
age_smoking_initiation_gscan	tier1_045_sleep_disorders_combined	-0.820353905599982	-0.862317668952349	inconclusive_or_no_evidence_in_either_source	inconclusive_or_no_evidence_in_either_source	No FDR heterogeneity	6
age_smoking_initiation_gscan	tier1_046_sleep_apnoea	-0.603881448054542	-0.657853118380385	asymmetric_support_without_demonstrated_heterogeneity	asymmetric_support_without_demonstrated_heterogeneity	No FDR heterogeneity	6
age_smoking_initiation_gscan	tier1_047_cardiac_arrhythmias	0.122144885503249	0.0792205661509229	inconclusive_or_no_evidence_in_either_source	inconclusive_or_no_evidence_in_either_source	No FDR heterogeneity	6
age_smoking_initiation_gscan	tier1_048_pain_limb_back_neck_head_abdominally	-0.13428426550111	-0.13428426550111	asymmetric_support_without_demonstrated_heterogeneity	asymmetric_support_without_demonstrated_heterogeneity	No FDR heterogeneity	7
age_smoking_initiation_gscan	tier1_049_iron_deficiency_anaemia	0.765712728573083	0.832806122613189	inconclusive_or_no_evidence_in_either_source	inconclusive_or_no_evidence_in_either_source	No FDR heterogeneity	6
age_smoking_initiation_gscan	tier1_050_retention_of_urine	-0.564369763638984	-0.520442829366174	inconclusive_or_no_evidence_in_either_source	inconclusive_or_no_evidence_in_either_source	No FDR heterogeneity	6
age_smoking_initiation_gscan	tier1_051_senile_cataract	-0.350597104474911	-0.30491998165248	inconclusive_or_no_evidence_in_either_source	inconclusive_or_no_evidence_in_either_source	No FDR heterogeneity	6
age_smoking_initiation_gscan	tier1_052_other_disorders_of_eyelid	-0.065369876513121	-0.057746318872488	inconclusive_or_no_evidence_in_either_source	inconclusive_or_no_evidence_in_either_source	No FDR heterogeneity	6
age_smoking_initiation_gscan	tier1_053_glaucoma	0.010707627768434	0.097153151363096	inconclusive_or_no_evidence_in_either_source	inconclusive_or_no_evidence_in_either_source	No FDR heterogeneity	6
bmi_giant_eur	tier1_001_hypertension	0.033564719050113	0.0378538621571967	concordant_cross_source_support	concordant_cross_source_support	No FDR heterogeneity	73
bmi_giant_eur	tier1_002_hypertension_essential	0.044922860363283	0.0519220169990535	concordant_cross_source_support	concordant_cross_source_support	No FDR heterogeneity	73
bmi_giant_eur	tier1_003_ischaemic_heart_disease_wide_definition	-0.111555516512091	-0.105480493346064	asymmetric_support_without_demonstrated_heterogeneity	inconclusive_or_no_evidence_in_either_source	No FDR heterogeneity	72
bmi_giant_eur	tier1_004_angina_pectoris	-0.954714324544215	-0.982037910300689	evidence_of_source_heterogeneity	evidence_of_source_heterogeneity	Retained heterogeneity	69
bmi_giant_eur	tier1_005_atrial_fibrillation_and_flutter	0.288163674666282	0.291195350107196	concordant_cross_source_support	concordant_cross_source_support	No FDR heterogeneity	64
bmi_giant_eur	tier1_006_obesity	0.13177043995133	0.123356985163725	concordant_cross_source_support	concordant_cross_source_support	No FDR heterogeneity	67
bmi_giant_eur	tier1_007_obesity_due_to_excess_calories	0.16397971038774	0.168849598165299	concordant_cross_source_support	concordant_cross_source_support	No FDR heterogeneity	67
bmi_giant_eur	tier1_008_varicose_veins	0.00770012322540597	0.00354654417025779	concordant_cross_source_support	concordant_cross_source_support	No FDR heterogeneity	68
bmi_giant_eur	tier1_009_conduction_disorders	0.026965290916091	0.0496214566058035	concordant_cross_source_support	concordant_cross_source_support	No FDR heterogeneity	64
bmi_giant_eur	tier1_010_heart_failure_strict	-0.155466845529149	-0.135639658476276	concordant_cross_source_support	concordant_cross_source_support	No FDR heterogeneity	64
bmi_giant_eur	tier1_011_heart_failure_and_coronary_heart_disease	-0.27030039603765	-0.263389764250228	concordant_cross_source_support	concordant_cross_source_support	No FDR heterogeneity	64
bmi_giant_eur	tier1_012_hypotension	-0.334058792735282	-0.356481593244678	inconclusive_or_no_evidence_in_either_source	asymmetric_support_without_demonstrated_heterogeneity	No FDR heterogeneity	64
bmi_giant_eur	tier1_013_unstable_angina_pectoris	-0.228750758851086	-0.232589412788093	inconclusive_or_no_evidence_in_either_source	inconclusive_or_no_evidence_in_either_source	No FDR heterogeneity	64
bmi_giant_eur	tier1_014_hernia	-0.133435716497668	-0.135042503791945	asymmetric_support_without_demonstrated_heterogeneity	asymmetric_support_without_demonstrated_heterogeneity	No FDR heterogeneity	72
bmi_giant_eur	tier1_015_diverticular_disease_of_intestine	0.015005522805732	0.0237574373421777	concordant_cross_source_support	concordant_cross_source_support	No FDR heterogeneity	69
bmi_giant_eur	tier1_016_hernia_of_abdominal_wall	0.35969450151836	0.369484153048245	evidence_of_source_heterogeneity	evidence_of_source_heterogeneity	Retained heterogeneity	72
bmi_giant_eur	tier1_017_inguinal_hernia	-0.644902282698115	-0.71081265610839	evidence_of_source_heterogeneity	evidence_of_source_heterogeneity	Retained heterogeneity	67
bmi_giant_eur	tier1_018_cholelithiasis	-0.051705618222484	-0.0685551748936247	concordant_cross_source_support	concordant_cross_source_support	No FDR heterogeneity	69
bmi_giant_eur	tier1_019_diaphragmatic_hernia	-0.089345126875244	-0.0653597371568366	asymmetric_support_without_demonstrated_heterogeneity	asymmetric_support_without_demonstrated_heterogeneity	No FDR heterogeneity	72
bmi_giant_eur	tier1_020_obesity_related_asthma	-0.68381534294024	-0.661849973543019	evidence_of_source_heterogeneity	evidence_of_source_heterogeneity	Retained heterogeneity	67
bmi_giant_eur	tier1_021_influenza_and_pneumonia	-0.168577967646433	-0.158898439050384	concordant_cross_source_support	concordant_cross_source_support	No FDR heterogeneity	67
bmi_giant_eur	tier1_022_asthma_related_pneumonia	0.114684741094005	0.113580849349493	concordant_cross_source_support	concordant_cross_source_support	No FDR heterogeneity	67
bmi_giant_eur	tier1_023_constipation	0.0480631383953623	0.0728672746282776	asymmetric_support_without_demonstrated_heterogeneity	asymmetric_support_without_demonstrated_heterogeneity	No FDR heterogeneity	67
bmi_giant_eur	tier1_024_other_gastritis_incl_duodenitis	-0.00656161425379098	-0.0160827652579852	evidence_of_practical_equivalence	evidence_of_practical_equivalence	No FDR heterogeneity	72
bmi_giant_eur	tier1_025_hernia_of_abdominal_wall_postoperative	0.3478179622717	0.387557510891509	concordant_cross_source_support	evidence_of_source_heterogeneity	New common-SNP heterogeneity	72
bmi_giant_eur	tier1_026_irritable_bowel_syndrome	0.018008081235692	0.0701498621371603	inconclusive_or_no_evidence_in_either_source	inconclusive_or_no_evidence_in_either_source	No FDR heterogeneity	64
bmi_giant_eur	tier1_027_pleural_effusion	0.093234395244798	0.0829520245579336	asymmetric_support_without_demonstrated_heterogeneity	inconclusive_or_no_evidence_in_either_source	No FDR heterogeneity	64
bmi_giant_eur	tier1_028_gastric_ulcer	0.025914803393904	0.0066728818149267	asymmetric_support_without_demonstrated_heterogeneity	inconclusive_or_no_evidence_in_either_source	No FDR heterogeneity	64
bmi_giant_eur	tier1_029_noninflammatory_disorders_of_female_genital_tract	-0.130169054529257	-0.112053201831459	asymmetric_support_without_demonstrated_heterogeneity	inconclusive_or_no_evidence_in_either_source	No FDR heterogeneity	72
bmi_giant_eur	tier1_030_hyperplasia_of_prostate	-0.024430788274009	0.0105138526357726	inconclusive_or_no_evidence_in_either_source	inconclusive_or_no_evidence_in_either_source	No FDR heterogeneity	64
bmi_giant_eur	tier1_031_renal_failure	0.046855756874623	0.0464313143642639	concordant_cross_source_support	concordant_cross_source_support	No FDR heterogeneity	64
bmi_giant_eur	tier1_032_polyp_of_the_female_genital_tract	-0.0731484576751198	-0.0512140714224015	inconclusive_or_no_evidence_in_either_source	inconclusive_or_no_evidence_in_either_source	No FDR heterogeneity	67
bmi_giant_eur	tier1_033_postmenopausal_bleeding	0.046170296002124	0.0362308919539578	inconclusive_or_no_evidence_in_either_source	inconclusive_or_no_evidence_in_either_source	No FDR heterogeneity	67
bmi_giant_eur	tier1_034_acute_renal_failure	-0.068535746304831	-0.0225109533791372	concordant_cross_source_support	concordant_cross_source_support	No FDR heterogeneity	64
bmi_giant_eur	tier1_035_inflammatory_diseases_of_female_pelvic_organs	-0.16596701108352	-0.141768429804414	inconclusive_or_no_evidence_in_either_source	inconclusive_or_no_evidence_in_either_source	No FDR heterogeneity	62
bmi_giant_eur	tier1_036_ovarian_cyst	-0.161804646521209	-0.177809812313841	inconclusive_or_no_evidence_in_either_source	inconclusive_or_no_evidence_in_either_source	No FDR heterogeneity	64
bmi_giant_eur	tier1_037_low_back_pain	0.564730294687597	0.607846734360937	evidence_of_source_heterogeneity	evidence_of_source_heterogeneity	Retained heterogeneity	72
bmi_giant_eur	tier1_038_disorders_of_synovium_and_tendon	-0.210471638104212	-0.213797670131509	asymmetric_support_without_demonstrated_heterogeneity	asymmetric_support_without_demonstrated_heterogeneity	No FDR heterogeneity	67
bmi_giant_eur	tier1_039_pain_in_joint	-0.152785698591734	-0.150619367024195	asymmetric_support_without_demonstrated_heterogeneity	asymmetric_support_without_demonstrated_heterogeneity	No FDR heterogeneity	64
bmi_giant_eur	tier1_040_osteoporosis	0.0368985596443178	0.0529985918156207	inconclusive_or_no_evidence_in_either_source	inconclusive_or_no_evidence_in_either_source	No FDR heterogeneity	64
bmi_giant_eur	tier1_041_pain_in_limb	-0.282642178155725	-0.256774638979427	concordant_cross_source_support	concordant_cross_source_support	No FDR heterogeneity	64
bmi_giant_eur	tier1_042_polyarthropathies	-0.045717361670102	-0.0396898707859558	concordant_cross_source_support	concordant_cross_source_support	No FDR heterogeneity	68
bmi_giant_eur	tier1_043_rheumatoid_arthritis	-0.135849261195506	-0.0916678105486576	concordant_cross_source_support	concordant_cross_source_support	No FDR heterogeneity	64
bmi_giant_eur	tier1_044_spinal_stenosis	-0.091050267451562	-0.111796832114863	concordant_cross_source_support	concordant_cross_source_support	No FDR heterogeneity	64
bmi_giant_eur	tier1_045_sleep_disorders_combined	-0.2512665242419	-0.232294170341968	concordant_cross_source_support	concordant_cross_source_support	No FDR heterogeneity	69
bmi_giant_eur	tier1_046_sleep_apnoea	-0.214747708814236	-0.202025736230329	concordant_cross_source_support	concordant_cross_source_support	No FDR heterogeneity	67
bmi_giant_eur	tier1_047_cardiac_arrhythmias	0.06449711014205	0.0711345585800177	concordant_cross_source_support	concordant_cross_source_support	No FDR heterogeneity	69
bmi_giant_eur	tier1_048_pain_limb_back_neck_head_abdominally	-0.212422989434306	-0.183862107536228	concordant_cross_source_support	concordant_cross_source_support	No FDR heterogeneity	72
bmi_giant_eur	tier1_049_iron_deficiency_anaemia	0.021039166818563	0.0100433546162856	asymmetric_support_without_demonstrated_heterogeneity	asymmetric_support_without_demonstrated_heterogeneity	No FDR heterogeneity	67
bmi_giant_eur	tier1_050_retention_of_urine	-0.203515791684577	-0.174040341915901	inconclusive_or_no_evidence_in_either_source	inconclusive_or_no_evidence_in_either_source	No FDR heterogeneity	64
bmi_giant_eur	tier1_051_senile_cataract	-0.0250466908605304	-0.0356028810231211	inconclusive_or_no_evidence_in_either_source	inconclusive_or_no_evidence_in_either_source	No FDR heterogeneity	67
bmi_giant_eur	tier1_052_other_disorders_of_eyelid	-0.22438781132862	-0.218259321560143	inconclusive_or_no_evidence_in_either_source	inconclusive_or_no_evidence_in_either_source	No FDR heterogeneity	64
bmi_giant_eur	tier1_053_glaucoma	-0.0469284085245798	-0.0788637763889393	inconclusive_or_no_evidence_in_either_source	inconclusive_or_no_evidence_in_either_source	No FDR heterogeneity	64
bun_ckdgen_ea	tier1_001_hypertension	-0.040592126646655	-0.151516234623535	concordant_cross_source_support	concordant_cross_source_support	No FDR heterogeneity	51
bun_ckdgen_ea	tier1_002_hypertension_essential	-0.017385807685072	-0.128500541800723	concordant_cross_source_support	concordant_cross_source_support	No FDR heterogeneity	51
bun_ckdgen_ea	tier1_003_ischaemic_heart_disease_wide_definition	-0.168079955059137	-0.213035128879745	asymmetric_support_without_demonstrated_heterogeneity	asymmetric_support_without_demonstrated_heterogeneity	No FDR heterogeneity	51
bun_ckdgen_ea	tier1_004_angina_pectoris	-0.021784541387108	-0.0442144054343682	inconclusive_or_no_evidence_in_either_source	inconclusive_or_no_evidence_in_either_source	No FDR heterogeneity	49
bun_ckdgen_ea	tier1_005_atrial_fibrillation_and_flutter	0.46275999161439	0.277610894037625	inconclusive_or_no_evidence_in_either_source	inconclusive_or_no_evidence_in_either_source	No FDR heterogeneity	45
bun_ckdgen_ea	tier1_006_obesity	0.674237493576004	0.136130665345106	inconclusive_or_no_evidence_in_either_source	inconclusive_or_no_evidence_in_either_source	No FDR heterogeneity	49
bun_ckdgen_ea	tier1_007_obesity_due_to_excess_calories	0.80970708369863	0.253834813789511	inconclusive_or_no_evidence_in_either_source	inconclusive_or_no_evidence_in_either_source	No FDR heterogeneity	49
bun_ckdgen_ea	tier1_008_varicose_veins	0.298682052668466	0.201629294383082	inconclusive_or_no_evidence_in_either_source	inconclusive_or_no_evidence_in_either_source	No FDR heterogeneity	49
bun_ckdgen_ea	tier1_009_conduction_disorders	-0.554054269774704	-0.621708177423199	asymmetric_support_without_demonstrated_heterogeneity	asymmetric_support_without_demonstrated_heterogeneity	No FDR heterogeneity	45
bun_ckdgen_ea	tier1_010_heart_failure_strict	0.118664248594433	-0.0920008659848147	inconclusive_or_no_evidence_in_either_source	inconclusive_or_no_evidence_in_either_source	No FDR heterogeneity	45
bun_ckdgen_ea	tier1_011_heart_failure_and_coronary_heart_disease	0.339951590482202	0.122609207805687	asymmetric_support_without_demonstrated_heterogeneity	inconclusive_or_no_evidence_in_either_source	No FDR heterogeneity	45
bun_ckdgen_ea	tier1_012_hypotension	-0.1502217270374	0.0358725430994284	inconclusive_or_no_evidence_in_either_source	inconclusive_or_no_evidence_in_either_source	No FDR heterogeneity	45
bun_ckdgen_ea	tier1_013_unstable_angina_pectoris	0.438442271739969	0.319781092567217	inconclusive_or_no_evidence_in_either_source	inconclusive_or_no_evidence_in_either_source	No FDR heterogeneity	45
bun_ckdgen_ea	tier1_014_hernia	0.04809302507602	0.0141498456532921	inconclusive_or_no_evidence_in_either_source	inconclusive_or_no_evidence_in_either_source	No FDR heterogeneity	50
bun_ckdgen_ea	tier1_015_diverticular_disease_of_intestine	-0.339398150931343	-0.340098885465929	inconclusive_or_no_evidence_in_either_source	inconclusive_or_no_evidence_in_either_source	No FDR heterogeneity	49
bun_ckdgen_ea	tier1_016_hernia_of_abdominal_wall	0.386330549729699	0.30725778973295	inconclusive_or_no_evidence_in_either_source	inconclusive_or_no_evidence_in_either_source	No FDR heterogeneity	50
bun_ckdgen_ea	tier1_017_inguinal_hernia	-0.135805158758429	-0.13808750288173	inconclusive_or_no_evidence_in_either_source	inconclusive_or_no_evidence_in_either_source	No FDR heterogeneity	48
bun_ckdgen_ea	tier1_018_cholelithiasis	0.262845570905783	0.132659741531756	inconclusive_or_no_evidence_in_either_source	inconclusive_or_no_evidence_in_either_source	No FDR heterogeneity	49
bun_ckdgen_ea	tier1_019_diaphragmatic_hernia	0.258046112767734	0.237936535965647	inconclusive_or_no_evidence_in_either_source	inconclusive_or_no_evidence_in_either_source	No FDR heterogeneity	51
bun_ckdgen_ea	tier1_020_obesity_related_asthma	0.633810668513259	0.24550916847321	inconclusive_or_no_evidence_in_either_source	inconclusive_or_no_evidence_in_either_source	No FDR heterogeneity	49
bun_ckdgen_ea	tier1_021_influenza_and_pneumonia	0.081268132169015	0.0993269911175207	inconclusive_or_no_evidence_in_either_source	inconclusive_or_no_evidence_in_either_source	No FDR heterogeneity	47
bun_ckdgen_ea	tier1_022_asthma_related_pneumonia	0.011103078684868	-0.0526599030767551	inconclusive_or_no_evidence_in_either_source	inconclusive_or_no_evidence_in_either_source	No FDR heterogeneity	47
bun_ckdgen_ea	tier1_023_constipation	-0.102675026026399	-0.0719992262180558	inconclusive_or_no_evidence_in_either_source	inconclusive_or_no_evidence_in_either_source	No FDR heterogeneity	47
bun_ckdgen_ea	tier1_024_other_gastritis_incl_duodenitis	-0.320694633025803	-0.272069199286328	inconclusive_or_no_evidence_in_either_source	inconclusive_or_no_evidence_in_either_source	No FDR heterogeneity	50
bun_ckdgen_ea	tier1_025_hernia_of_abdominal_wall_postoperative	0.541237632359343	0.467315287592125	inconclusive_or_no_evidence_in_either_source	inconclusive_or_no_evidence_in_either_source	No FDR heterogeneity	50
bun_ckdgen_ea	tier1_026_irritable_bowel_syndrome	0.454614838283544	0.440107724777802	inconclusive_or_no_evidence_in_either_source	inconclusive_or_no_evidence_in_either_source	No FDR heterogeneity	45
bun_ckdgen_ea	tier1_027_pleural_effusion	0.394314678353895	0.407765162722709	inconclusive_or_no_evidence_in_either_source	inconclusive_or_no_evidence_in_either_source	No FDR heterogeneity	45
bun_ckdgen_ea	tier1_028_gastric_ulcer	-0.777210597865396	-0.7540663910709	inconclusive_or_no_evidence_in_either_source	inconclusive_or_no_evidence_in_either_source	No FDR heterogeneity	45
bun_ckdgen_ea	tier1_029_noninflammatory_disorders_of_female_genital_tract	0.0555969244899984	0.0678125608263356	inconclusive_or_no_evidence_in_either_source	inconclusive_or_no_evidence_in_either_source	No FDR heterogeneity	50
bun_ckdgen_ea	tier1_030_hyperplasia_of_prostate	0.322276957314019	0.164927846043177	inconclusive_or_no_evidence_in_either_source	inconclusive_or_no_evidence_in_either_source	No FDR heterogeneity	45
bun_ckdgen_ea	tier1_031_renal_failure	-0.11237264575923	0.023146118999831	concordant_cross_source_support	concordant_cross_source_support	No FDR heterogeneity	45
bun_ckdgen_ea	tier1_032_polyp_of_the_female_genital_tract	0.0259373253246822	0.104045666527611	inconclusive_or_no_evidence_in_either_source	inconclusive_or_no_evidence_in_either_source	No FDR heterogeneity	46
bun_ckdgen_ea	tier1_033_postmenopausal_bleeding	-0.577397487618327	-0.455123978106342	inconclusive_or_no_evidence_in_either_source	inconclusive_or_no_evidence_in_either_source	No FDR heterogeneity	47
bun_ckdgen_ea	tier1_034_acute_renal_failure	-0.121281897241234	-0.14594991321863	inconclusive_or_no_evidence_in_either_source	inconclusive_or_no_evidence_in_either_source	No FDR heterogeneity	45
bun_ckdgen_ea	tier1_035_inflammatory_diseases_of_female_pelvic_organs	-0.596248395281619	-0.589766186976162	asymmetric_support_without_demonstrated_heterogeneity	asymmetric_support_without_demonstrated_heterogeneity	No FDR heterogeneity	45
bun_ckdgen_ea	tier1_036_ovarian_cyst	-0.426441991311355	-0.161061075954294	inconclusive_or_no_evidence_in_either_source	inconclusive_or_no_evidence_in_either_source	No FDR heterogeneity	45
bun_ckdgen_ea	tier1_037_low_back_pain	-0.0327230697051591	-0.0904478897716987	inconclusive_or_no_evidence_in_either_source	inconclusive_or_no_evidence_in_either_source	No FDR heterogeneity	50
bun_ckdgen_ea	tier1_038_disorders_of_synovium_and_tendon	-0.17006974433391	-0.260915814281465	inconclusive_or_no_evidence_in_either_source	inconclusive_or_no_evidence_in_either_source	No FDR heterogeneity	47
bun_ckdgen_ea	tier1_039_pain_in_joint	0.407272369964122	0.349285297501961	inconclusive_or_no_evidence_in_either_source	inconclusive_or_no_evidence_in_either_source	No FDR heterogeneity	45
bun_ckdgen_ea	tier1_040_osteoporosis	0.918484002998005	0.777865725275564	asymmetric_support_without_demonstrated_heterogeneity	asymmetric_support_without_demonstrated_heterogeneity	No FDR heterogeneity	45
bun_ckdgen_ea	tier1_041_pain_in_limb	0.143029852445607	0.140031500309514	inconclusive_or_no_evidence_in_either_source	inconclusive_or_no_evidence_in_either_source	No FDR heterogeneity	45
bun_ckdgen_ea	tier1_042_polyarthropathies	0.723826656000492	0.545490202228798	asymmetric_support_without_demonstrated_heterogeneity	inconclusive_or_no_evidence_in_either_source	No FDR heterogeneity	49
bun_ckdgen_ea	tier1_043_rheumatoid_arthritis	0.296029836680435	0.16182051567732	inconclusive_or_no_evidence_in_either_source	inconclusive_or_no_evidence_in_either_source	No FDR heterogeneity	45
bun_ckdgen_ea	tier1_044_spinal_stenosis	0.126736863275527	-0.0324901479540946	inconclusive_or_no_evidence_in_either_source	inconclusive_or_no_evidence_in_either_source	No FDR heterogeneity	45
bun_ckdgen_ea	tier1_045_sleep_disorders_combined	0.078061649925582	-0.111345192587789	asymmetric_support_without_demonstrated_heterogeneity	inconclusive_or_no_evidence_in_either_source	No FDR heterogeneity	49
bun_ckdgen_ea	tier1_046_sleep_apnoea	-0.154615834948357	-0.374329406177396	inconclusive_or_no_evidence_in_either_source	inconclusive_or_no_evidence_in_either_source	No FDR heterogeneity	49
bun_ckdgen_ea	tier1_047_cardiac_arrhythmias	0.197286632945758	-0.0149469591073487	inconclusive_or_no_evidence_in_either_source	inconclusive_or_no_evidence_in_either_source	No FDR heterogeneity	49
bun_ckdgen_ea	tier1_048_pain_limb_back_neck_head_abdominally	0.0768600060618199	0.0599260009495394	inconclusive_or_no_evidence_in_either_source	inconclusive_or_no_evidence_in_either_source	No FDR heterogeneity	50
bun_ckdgen_ea	tier1_049_iron_deficiency_anaemia	0.117420213876387	0.0715081592327404	inconclusive_or_no_evidence_in_either_source	inconclusive_or_no_evidence_in_either_source	No FDR heterogeneity	49
bun_ckdgen_ea	tier1_050_retention_of_urine	-0.0769761448632736	-0.199217849138463	inconclusive_or_no_evidence_in_either_source	inconclusive_or_no_evidence_in_either_source	No FDR heterogeneity	45
bun_ckdgen_ea	tier1_051_senile_cataract	-0.0267550874943404	-0.00412875836019905	inconclusive_or_no_evidence_in_either_source	inconclusive_or_no_evidence_in_either_source	No FDR heterogeneity	47
bun_ckdgen_ea	tier1_052_other_disorders_of_eyelid	-0.456950657687891	-0.398423556380915	inconclusive_or_no_evidence_in_either_source	inconclusive_or_no_evidence_in_either_source	No FDR heterogeneity	45
bun_ckdgen_ea	tier1_053_glaucoma	0.155560474388242	0.217092110097458	inconclusive_or_no_evidence_in_either_source	inconclusive_or_no_evidence_in_either_source	No FDR heterogeneity	45
cigarettes_per_day_gscan	tier1_001_hypertension	-0.105014052862781	-0.0917169559345973	asymmetric_support_without_demonstrated_heterogeneity	asymmetric_support_without_demonstrated_heterogeneity	No FDR heterogeneity	17
cigarettes_per_day_gscan	tier1_002_hypertension_essential	-0.086602855503962	-0.0728860902457192	asymmetric_support_without_demonstrated_heterogeneity	asymmetric_support_without_demonstrated_heterogeneity	No FDR heterogeneity	17
cigarettes_per_day_gscan	tier1_003_ischaemic_heart_disease_wide_definition	-0.176337476318139	-0.0739039380861309	asymmetric_support_without_demonstrated_heterogeneity	asymmetric_support_without_demonstrated_heterogeneity	No FDR heterogeneity	17
cigarettes_per_day_gscan	tier1_004_angina_pectoris	-0.228795166540889	-0.0992276709566746	asymmetric_support_without_demonstrated_heterogeneity	concordant_cross_source_support	No FDR heterogeneity	16
cigarettes_per_day_gscan	tier1_005_atrial_fibrillation_and_flutter	-0.0499273942288939	0.0185786407430402	inconclusive_or_no_evidence_in_either_source	inconclusive_or_no_evidence_in_either_source	No FDR heterogeneity	15
cigarettes_per_day_gscan	tier1_006_obesity	-0.16058058768105	-0.0481174341222035	asymmetric_support_without_demonstrated_heterogeneity	concordant_cross_source_support	No FDR heterogeneity	16
cigarettes_per_day_gscan	tier1_007_obesity_due_to_excess_calories	-0.169672809479052	-0.0616830498160834	asymmetric_support_without_demonstrated_heterogeneity	concordant_cross_source_support	No FDR heterogeneity	16
cigarettes_per_day_gscan	tier1_008_varicose_veins	0.0787983375545826	-0.013565100294231	inconclusive_or_no_evidence_in_either_source	inconclusive_or_no_evidence_in_either_source	No FDR heterogeneity	16
cigarettes_per_day_gscan	tier1_009_conduction_disorders	-0.222640613480568	-0.174898426136603	asymmetric_support_without_demonstrated_heterogeneity	asymmetric_support_without_demonstrated_heterogeneity	No FDR heterogeneity	14
cigarettes_per_day_gscan	tier1_010_heart_failure_strict	0.0943077279650669	0.0683691109020493	asymmetric_support_without_demonstrated_heterogeneity	inconclusive_or_no_evidence_in_either_source	No FDR heterogeneity	14
cigarettes_per_day_gscan	tier1_011_heart_failure_and_coronary_heart_disease	0.0651470290125483	0.139668105210186	inconclusive_or_no_evidence_in_either_source	asymmetric_support_without_demonstrated_heterogeneity	No FDR heterogeneity	14
cigarettes_per_day_gscan	tier1_012_hypotension	0.00245472881907301	0.00102027437950544	inconclusive_or_no_evidence_in_either_source	inconclusive_or_no_evidence_in_either_source	No FDR heterogeneity	14
cigarettes_per_day_gscan	tier1_013_unstable_angina_pectoris	-0.151169086922104	0.0482283406502279	inconclusive_or_no_evidence_in_either_source	asymmetric_support_without_demonstrated_heterogeneity	No FDR heterogeneity	14
cigarettes_per_day_gscan	tier1_014_hernia	0.000224778756930603	-0.0475797220493565	evidence_of_practical_equivalence	evidence_of_practical_equivalence	No FDR heterogeneity	16
cigarettes_per_day_gscan	tier1_015_diverticular_disease_of_intestine	-0.0598336543862296	-0.067394956113009	inconclusive_or_no_evidence_in_either_source	inconclusive_or_no_evidence_in_either_source	No FDR heterogeneity	16
cigarettes_per_day_gscan	tier1_016_hernia_of_abdominal_wall	0.0408330454137981	0.0900960400346224	evidence_of_practical_equivalence	asymmetric_support_without_demonstrated_heterogeneity	No FDR heterogeneity	16
cigarettes_per_day_gscan	tier1_017_inguinal_hernia	0.0744418072342985	-0.0105667846846025	inconclusive_or_no_evidence_in_either_source	inconclusive_or_no_evidence_in_either_source	No FDR heterogeneity	16
cigarettes_per_day_gscan	tier1_018_cholelithiasis	-0.0815230197094352	-0.0431799116563639	concordant_cross_source_support	concordant_cross_source_support	No FDR heterogeneity	16
cigarettes_per_day_gscan	tier1_019_diaphragmatic_hernia	0.0449369239856991	-0.00244132954476575	evidence_of_practical_equivalence	evidence_of_practical_equivalence	No FDR heterogeneity	17
cigarettes_per_day_gscan	tier1_020_obesity_related_asthma	-0.181206595128153	-0.148327857444329	asymmetric_support_without_demonstrated_heterogeneity	asymmetric_support_without_demonstrated_heterogeneity	No FDR heterogeneity	16
cigarettes_per_day_gscan	tier1_021_influenza_and_pneumonia	-0.04750139039833	-0.0828429168701889	concordant_cross_source_support	concordant_cross_source_support	No FDR heterogeneity	16
cigarettes_per_day_gscan	tier1_022_asthma_related_pneumonia	-0.001227881717586	-0.107698600992761	concordant_cross_source_support	asymmetric_support_without_demonstrated_heterogeneity	No FDR heterogeneity	16
cigarettes_per_day_gscan	tier1_023_constipation	-0.27014069525036	-0.272755054205279	evidence_of_source_heterogeneity	asymmetric_support_without_demonstrated_heterogeneity	Lost after common SNPs	16
cigarettes_per_day_gscan	tier1_024_other_gastritis_incl_duodenitis	0.099039633182825	0.159407812622308	concordant_cross_source_support	concordant_cross_source_support	No FDR heterogeneity	16
cigarettes_per_day_gscan	tier1_025_hernia_of_abdominal_wall_postoperative	0.0437603265352559	0.137522019992134	inconclusive_or_no_evidence_in_either_source	inconclusive_or_no_evidence_in_either_source	No FDR heterogeneity	16
cigarettes_per_day_gscan	tier1_026_irritable_bowel_syndrome	0.0601181377815061	0.0171528543749144	inconclusive_or_no_evidence_in_either_source	inconclusive_or_no_evidence_in_either_source	No FDR heterogeneity	14
cigarettes_per_day_gscan	tier1_027_pleural_effusion	0.079766164331064	-0.00722367138786628	asymmetric_support_without_demonstrated_heterogeneity	inconclusive_or_no_evidence_in_either_source	No FDR heterogeneity	14
cigarettes_per_day_gscan	tier1_028_gastric_ulcer	-0.050883235244643	-0.0976712928998464	asymmetric_support_without_demonstrated_heterogeneity	inconclusive_or_no_evidence_in_either_source	No FDR heterogeneity	14
cigarettes_per_day_gscan	tier1_029_noninflammatory_disorders_of_female_genital_tract	-0.0730213840405273	-0.0453714027078817	inconclusive_or_no_evidence_in_either_source	evidence_of_practical_equivalence	No FDR heterogeneity	16
cigarettes_per_day_gscan	tier1_030_hyperplasia_of_prostate	0.0537928758092268	-0.00743608524718278	inconclusive_or_no_evidence_in_either_source	inconclusive_or_no_evidence_in_either_source	No FDR heterogeneity	15
cigarettes_per_day_gscan	tier1_031_renal_failure	0.000672886308578008	-0.068820072405152	concordant_cross_source_support	asymmetric_support_without_demonstrated_heterogeneity	No FDR heterogeneity	15
cigarettes_per_day_gscan	tier1_032_polyp_of_the_female_genital_tract	-0.1020365553814	-0.0638830426734225	inconclusive_or_no_evidence_in_either_source	inconclusive_or_no_evidence_in_either_source	No FDR heterogeneity	15
cigarettes_per_day_gscan	tier1_033_postmenopausal_bleeding	-0.19864211219461	-0.100590566366093	asymmetric_support_without_demonstrated_heterogeneity	asymmetric_support_without_demonstrated_heterogeneity	No FDR heterogeneity	16
cigarettes_per_day_gscan	tier1_034_acute_renal_failure	0.019806296745748	-0.000817350397318575	asymmetric_support_without_demonstrated_heterogeneity	inconclusive_or_no_evidence_in_either_source	No FDR heterogeneity	15
cigarettes_per_day_gscan	tier1_035_inflammatory_diseases_of_female_pelvic_organs	-0.0251072729846973	-0.0924987052090252	inconclusive_or_no_evidence_in_either_source	inconclusive_or_no_evidence_in_either_source	No FDR heterogeneity	14
cigarettes_per_day_gscan	tier1_036_ovarian_cyst	-0.0583240406457459	-0.0119635876706938	inconclusive_or_no_evidence_in_either_source	inconclusive_or_no_evidence_in_either_source	No FDR heterogeneity	14
cigarettes_per_day_gscan	tier1_037_low_back_pain	-0.0845296553626636	-0.03275373641099	inconclusive_or_no_evidence_in_either_source	inconclusive_or_no_evidence_in_either_source	No FDR heterogeneity	16
cigarettes_per_day_gscan	tier1_038_disorders_of_synovium_and_tendon	0.037348984757186	0.122990754178129	inconclusive_or_no_evidence_in_either_source	asymmetric_support_without_demonstrated_heterogeneity	No FDR heterogeneity	16
cigarettes_per_day_gscan	tier1_039_pain_in_joint	-0.183746509249775	-0.109262590493582	asymmetric_support_without_demonstrated_heterogeneity	concordant_cross_source_support	No FDR heterogeneity	15
cigarettes_per_day_gscan	tier1_040_osteoporosis	-0.076913264264768	-0.132591282346766	inconclusive_or_no_evidence_in_either_source	inconclusive_or_no_evidence_in_either_source	No FDR heterogeneity	14
cigarettes_per_day_gscan	tier1_041_pain_in_limb	-0.0721161446353675	-0.0405496312167807	asymmetric_support_without_demonstrated_heterogeneity	asymmetric_support_without_demonstrated_heterogeneity	No FDR heterogeneity	15
cigarettes_per_day_gscan	tier1_042_polyarthropathies	-0.164106424640729	-0.0484400023909491	inconclusive_or_no_evidence_in_either_source	inconclusive_or_no_evidence_in_either_source	No FDR heterogeneity	16
cigarettes_per_day_gscan	tier1_043_rheumatoid_arthritis	-0.191223219633931	-0.0103081752570528	asymmetric_support_without_demonstrated_heterogeneity	concordant_cross_source_support	No FDR heterogeneity	14
cigarettes_per_day_gscan	tier1_044_spinal_stenosis	-0.190872445192243	-0.128645542921929	inconclusive_or_no_evidence_in_either_source	inconclusive_or_no_evidence_in_either_source	No FDR heterogeneity	14
cigarettes_per_day_gscan	tier1_045_sleep_disorders_combined	-0.186952879076137	-0.115437949429825	asymmetric_support_without_demonstrated_heterogeneity	concordant_cross_source_support	No FDR heterogeneity	16
cigarettes_per_day_gscan	tier1_046_sleep_apnoea	-0.201326237660524	-0.147594214395982	asymmetric_support_without_demonstrated_heterogeneity	asymmetric_support_without_demonstrated_heterogeneity	No FDR heterogeneity	16
cigarettes_per_day_gscan	tier1_047_cardiac_arrhythmias	-0.070458487652923	-0.0471937877035423	inconclusive_or_no_evidence_in_either_source	inconclusive_or_no_evidence_in_either_source	No FDR heterogeneity	16
cigarettes_per_day_gscan	tier1_048_pain_limb_back_neck_head_abdominally	-0.0492970137805833	-0.0282228888579636	evidence_of_practical_equivalence	evidence_of_practical_equivalence	No FDR heterogeneity	16
cigarettes_per_day_gscan	tier1_049_iron_deficiency_anaemia	-0.180549595621601	-0.155739017413839	asymmetric_support_without_demonstrated_heterogeneity	asymmetric_support_without_demonstrated_heterogeneity	No FDR heterogeneity	16
cigarettes_per_day_gscan	tier1_050_retention_of_urine	-0.0914704707738672	-0.0938309668809953	inconclusive_or_no_evidence_in_either_source	inconclusive_or_no_evidence_in_either_source	No FDR heterogeneity	14
cigarettes_per_day_gscan	tier1_051_senile_cataract	-0.0110804007890647	-0.0438084707534276	inconclusive_or_no_evidence_in_either_source	inconclusive_or_no_evidence_in_either_source	No FDR heterogeneity	16
cigarettes_per_day_gscan	tier1_052_other_disorders_of_eyelid	-0.112135493147095	-0.144895243761214	inconclusive_or_no_evidence_in_either_source	inconclusive_or_no_evidence_in_either_source	No FDR heterogeneity	14
cigarettes_per_day_gscan	tier1_053_glaucoma	-0.10733604688947	-0.17465314773184	inconclusive_or_no_evidence_in_either_source	inconclusive_or_no_evidence_in_either_source	No FDR heterogeneity	15
ckd_liability_ckdgen_ea	tier1_001_hypertension	-0.10383113131687	-0.0903763565669653	concordant_cross_source_support	concordant_cross_source_support	No FDR heterogeneity	18
ckd_liability_ckdgen_ea	tier1_002_hypertension_essential	-0.105673945287831	-0.0927445557329632	concordant_cross_source_support	concordant_cross_source_support	No FDR heterogeneity	18
ckd_liability_ckdgen_ea	tier1_003_ischaemic_heart_disease_wide_definition	-0.0474748732386957	-0.0338062347006729	evidence_of_practical_equivalence	evidence_of_practical_equivalence	No FDR heterogeneity	18
ckd_liability_ckdgen_ea	tier1_004_angina_pectoris	-0.0441631031716845	-0.0318138784674724	evidence_of_practical_equivalence	evidence_of_practical_equivalence	No FDR heterogeneity	18
ckd_liability_ckdgen_ea	tier1_005_atrial_fibrillation_and_flutter	0.0101969471198041	0.00389420922232466	evidence_of_practical_equivalence	evidence_of_practical_equivalence	No FDR heterogeneity	18
ckd_liability_ckdgen_ea	tier1_006_obesity	-0.009332444447168	0.00789447822726718	evidence_of_practical_equivalence	evidence_of_practical_equivalence	No FDR heterogeneity	18
ckd_liability_ckdgen_ea	tier1_007_obesity_due_to_excess_calories	-0.0049827991205497	0.0122441235538856	evidence_of_practical_equivalence	evidence_of_practical_equivalence	No FDR heterogeneity	18
ckd_liability_ckdgen_ea	tier1_008_varicose_veins	-0.0103651054720294	-0.0179550573768563	evidence_of_practical_equivalence	evidence_of_practical_equivalence	No FDR heterogeneity	18
ckd_liability_ckdgen_ea	tier1_009_conduction_disorders	-0.000301779716449301	0.0127269132459543	evidence_of_practical_equivalence	evidence_of_practical_equivalence	No FDR heterogeneity	18
ckd_liability_ckdgen_ea	tier1_010_heart_failure_strict	0.0305508774725028	0.0285499895710595	evidence_of_practical_equivalence	evidence_of_practical_equivalence	No FDR heterogeneity	18
ckd_liability_ckdgen_ea	tier1_011_heart_failure_and_coronary_heart_disease	0.0345344881376202	0.032533600236177	evidence_of_practical_equivalence	evidence_of_practical_equivalence	No FDR heterogeneity	18
ckd_liability_ckdgen_ea	tier1_012_hypotension	0.0022658414511145	0.0170533933565739	evidence_of_practical_equivalence	evidence_of_practical_equivalence	No FDR heterogeneity	18
ckd_liability_ckdgen_ea	tier1_013_unstable_angina_pectoris	-0.0469822390102007	-0.033009982250239	inconclusive_or_no_evidence_in_either_source	inconclusive_or_no_evidence_in_either_source	No FDR heterogeneity	18
ckd_liability_ckdgen_ea	tier1_014_hernia	0.0141087550303768	0.0125910338998975	evidence_of_practical_equivalence	evidence_of_practical_equivalence	No FDR heterogeneity	18
ckd_liability_ckdgen_ea	tier1_015_diverticular_disease_of_intestine	0.0132576841290985	0.0122332013381604	evidence_of_practical_equivalence	evidence_of_practical_equivalence	No FDR heterogeneity	18
ckd_liability_ckdgen_ea	tier1_016_hernia_of_abdominal_wall	0.0301232402121594	0.0286055190816801	evidence_of_practical_equivalence	evidence_of_practical_equivalence	No FDR heterogeneity	18
ckd_liability_ckdgen_ea	tier1_017_inguinal_hernia	-0.0206521425971258	-0.0228237876973804	evidence_of_practical_equivalence	evidence_of_practical_equivalence	No FDR heterogeneity	18
ckd_liability_ckdgen_ea	tier1_018_cholelithiasis	0.00706049748830575	0.0104353116343001	evidence_of_practical_equivalence	evidence_of_practical_equivalence	No FDR heterogeneity	18
ckd_liability_ckdgen_ea	tier1_019_diaphragmatic_hernia	0.0963287555672105	0.0941453008208174	inconclusive_or_no_evidence_in_either_source	inconclusive_or_no_evidence_in_either_source	No FDR heterogeneity	18
ckd_liability_ckdgen_ea	tier1_020_obesity_related_asthma	0.0462998802141555	0.070661454687733	evidence_of_practical_equivalence	evidence_of_practical_equivalence	No FDR heterogeneity	17
ckd_liability_ckdgen_ea	tier1_021_influenza_and_pneumonia	0.0137943126692486	0.031177187159973	evidence_of_practical_equivalence	evidence_of_practical_equivalence	No FDR heterogeneity	18
ckd_liability_ckdgen_ea	tier1_022_asthma_related_pneumonia	0.0239552549434443	0.0413381294341685	evidence_of_practical_equivalence	evidence_of_practical_equivalence	No FDR heterogeneity	18
ckd_liability_ckdgen_ea	tier1_023_constipation	0.0412609270598738	0.0526712669968654	evidence_of_practical_equivalence	evidence_of_practical_equivalence	No FDR heterogeneity	18
ckd_liability_ckdgen_ea	tier1_024_other_gastritis_incl_duodenitis	-0.0134865135668569	-0.0116899517006586	evidence_of_practical_equivalence	evidence_of_practical_equivalence	No FDR heterogeneity	18
ckd_liability_ckdgen_ea	tier1_025_hernia_of_abdominal_wall_postoperative	0.0865781327415419	0.0850604116110626	inconclusive_or_no_evidence_in_either_source	evidence_of_practical_equivalence	No FDR heterogeneity	18
ckd_liability_ckdgen_ea	tier1_026_irritable_bowel_syndrome	0.0594763759251719	0.0666507418985117	evidence_of_practical_equivalence	inconclusive_or_no_evidence_in_either_source	No FDR heterogeneity	18
ckd_liability_ckdgen_ea	tier1_027_pleural_effusion	0.0835481737235263	0.0886267317350274	inconclusive_or_no_evidence_in_either_source	inconclusive_or_no_evidence_in_either_source	No FDR heterogeneity	18
ckd_liability_ckdgen_ea	tier1_028_gastric_ulcer	-0.0480513480121292	-0.0649046640484913	evidence_of_practical_equivalence	inconclusive_or_no_evidence_in_either_source	No FDR heterogeneity	18
ckd_liability_ckdgen_ea	tier1_029_noninflammatory_disorders_of_female_genital_tract	0.0225359179252172	0.0216504416530861	evidence_of_practical_equivalence	evidence_of_practical_equivalence	No FDR heterogeneity	18
ckd_liability_ckdgen_ea	tier1_030_hyperplasia_of_prostate	-0.0075931855915009	-0.000105929835416331	evidence_of_practical_equivalence	evidence_of_practical_equivalence	No FDR heterogeneity	18
ckd_liability_ckdgen_ea	tier1_031_renal_failure	-0.015023682068387	0.00467528560016745	concordant_cross_source_support	concordant_cross_source_support	No FDR heterogeneity	18
ckd_liability_ckdgen_ea	tier1_032_polyp_of_the_female_genital_tract	0.0464832788923618	0.0484129458124701	evidence_of_practical_equivalence	evidence_of_practical_equivalence	No FDR heterogeneity	18
ckd_liability_ckdgen_ea	tier1_033_postmenopausal_bleeding	-0.00931292554305509	0.00334245824135814	evidence_of_practical_equivalence	evidence_of_practical_equivalence	No FDR heterogeneity	18
ckd_liability_ckdgen_ea	tier1_034_acute_renal_failure	-0.063787264891646	-0.0488775882848462	concordant_cross_source_support	concordant_cross_source_support	No FDR heterogeneity	18
ckd_liability_ckdgen_ea	tier1_035_inflammatory_diseases_of_female_pelvic_organs	-0.104200769995138	-0.107257640198757	inconclusive_or_no_evidence_in_either_source	inconclusive_or_no_evidence_in_either_source	No FDR heterogeneity	17
ckd_liability_ckdgen_ea	tier1_036_ovarian_cyst	0.101577536084806	0.0700315162268641	inconclusive_or_no_evidence_in_either_source	inconclusive_or_no_evidence_in_either_source	No FDR heterogeneity	18
ckd_liability_ckdgen_ea	tier1_037_low_back_pain	0.0303844618784252	0.0429211149566777	evidence_of_practical_equivalence	evidence_of_practical_equivalence	No FDR heterogeneity	18
ckd_liability_ckdgen_ea	tier1_038_disorders_of_synovium_and_tendon	0.0080348633970351	0.00239608179310924	evidence_of_practical_equivalence	evidence_of_practical_equivalence	No FDR heterogeneity	18
ckd_liability_ckdgen_ea	tier1_039_pain_in_joint	0.162131032945442	0.148269870275704	asymmetric_support_without_demonstrated_heterogeneity	asymmetric_support_without_demonstrated_heterogeneity	No FDR heterogeneity	18
ckd_liability_ckdgen_ea	tier1_040_osteoporosis	0.0401369165156809	0.0358174091614141	evidence_of_practical_equivalence	evidence_of_practical_equivalence	No FDR heterogeneity	18
ckd_liability_ckdgen_ea	tier1_041_pain_in_limb	-0.048422267669052	-0.0518983378808314	evidence_of_practical_equivalence	evidence_of_practical_equivalence	No FDR heterogeneity	18
ckd_liability_ckdgen_ea	tier1_042_polyarthropathies	0.0570249926297549	0.0713600773214511	evidence_of_practical_equivalence	inconclusive_or_no_evidence_in_either_source	No FDR heterogeneity	18
ckd_liability_ckdgen_ea	tier1_043_rheumatoid_arthritis	0.00601017066484418	0.0190502645684268	evidence_of_practical_equivalence	evidence_of_practical_equivalence	No FDR heterogeneity	18
ckd_liability_ckdgen_ea	tier1_044_spinal_stenosis	0.0178780961718747	0.0409410107712566	evidence_of_practical_equivalence	evidence_of_practical_equivalence	No FDR heterogeneity	18
ckd_liability_ckdgen_ea	tier1_045_sleep_disorders_combined	-0.0908061584191469	-0.0843229081704333	inconclusive_or_no_evidence_in_either_source	inconclusive_or_no_evidence_in_either_source	No FDR heterogeneity	18
ckd_liability_ckdgen_ea	tier1_046_sleep_apnoea	-0.11052620351334	-0.110124532730089	inconclusive_or_no_evidence_in_either_source	inconclusive_or_no_evidence_in_either_source	No FDR heterogeneity	18
ckd_liability_ckdgen_ea	tier1_047_cardiac_arrhythmias	-0.0341651458826993	-0.0318284556490363	evidence_of_practical_equivalence	evidence_of_practical_equivalence	No FDR heterogeneity	18
ckd_liability_ckdgen_ea	tier1_048_pain_limb_back_neck_head_abdominally	0.0228805155843198	0.0354171686625723	evidence_of_practical_equivalence	evidence_of_practical_equivalence	No FDR heterogeneity	18
ckd_liability_ckdgen_ea	tier1_049_iron_deficiency_anaemia	0.0186510689188665	0.0199112995848498	evidence_of_practical_equivalence	evidence_of_practical_equivalence	No FDR heterogeneity	18
ckd_liability_ckdgen_ea	tier1_050_retention_of_urine	-0.0224237001586331	-0.0353592290658295	evidence_of_practical_equivalence	evidence_of_practical_equivalence	No FDR heterogeneity	18
ckd_liability_ckdgen_ea	tier1_051_senile_cataract	-0.0287749308851992	-0.0194602357874033	evidence_of_practical_equivalence	evidence_of_practical_equivalence	No FDR heterogeneity	18
ckd_liability_ckdgen_ea	tier1_052_other_disorders_of_eyelid	-0.0798321354422069	-0.076462311900821	inconclusive_or_no_evidence_in_either_source	inconclusive_or_no_evidence_in_either_source	No FDR heterogeneity	18
ckd_liability_ckdgen_ea	tier1_053_glaucoma	-0.0048808874726207	0.0095497622052829	evidence_of_practical_equivalence	evidence_of_practical_equivalence	No FDR heterogeneity	18
drinks_per_week_gscan	tier1_001_hypertension	-0.251918818869268	-0.214113978778508	asymmetric_support_without_demonstrated_heterogeneity	asymmetric_support_without_demonstrated_heterogeneity	No FDR heterogeneity	24
drinks_per_week_gscan	tier1_002_hypertension_essential	-0.214198845219189	-0.174356541919217	asymmetric_support_without_demonstrated_heterogeneity	asymmetric_support_without_demonstrated_heterogeneity	No FDR heterogeneity	24
drinks_per_week_gscan	tier1_003_ischaemic_heart_disease_wide_definition	-0.409985201217308	-0.379148560371491	inconclusive_or_no_evidence_in_either_source	inconclusive_or_no_evidence_in_either_source	No FDR heterogeneity	24
drinks_per_week_gscan	tier1_004_angina_pectoris	-0.386808009122932	-0.384480575337936	inconclusive_or_no_evidence_in_either_source	inconclusive_or_no_evidence_in_either_source	No FDR heterogeneity	24
drinks_per_week_gscan	tier1_005_atrial_fibrillation_and_flutter	0.00324844806115801	0.0794673203475847	inconclusive_or_no_evidence_in_either_source	inconclusive_or_no_evidence_in_either_source	No FDR heterogeneity	22
drinks_per_week_gscan	tier1_006_obesity	-0.152889165884177	0.0077817376488325	inconclusive_or_no_evidence_in_either_source	inconclusive_or_no_evidence_in_either_source	No FDR heterogeneity	23
drinks_per_week_gscan	tier1_007_obesity_due_to_excess_calories	-0.15189124899768	0.0251616650611244	inconclusive_or_no_evidence_in_either_source	inconclusive_or_no_evidence_in_either_source	No FDR heterogeneity	23
drinks_per_week_gscan	tier1_008_varicose_veins	-0.628825025375665	-0.511634926851786	asymmetric_support_without_demonstrated_heterogeneity	concordant_cross_source_support	No FDR heterogeneity	23
drinks_per_week_gscan	tier1_009_conduction_disorders	-0.316345564424412	-0.208530062892488	inconclusive_or_no_evidence_in_either_source	inconclusive_or_no_evidence_in_either_source	No FDR heterogeneity	22
drinks_per_week_gscan	tier1_010_heart_failure_strict	-0.531506764973823	-0.356510288478557	inconclusive_or_no_evidence_in_either_source	inconclusive_or_no_evidence_in_either_source	No FDR heterogeneity	22
drinks_per_week_gscan	tier1_011_heart_failure_and_coronary_heart_disease	-0.527048056842715	-0.299817457026461	inconclusive_or_no_evidence_in_either_source	inconclusive_or_no_evidence_in_either_source	No FDR heterogeneity	22
drinks_per_week_gscan	tier1_012_hypotension	-0.035085622914045	0.00211278223351258	inconclusive_or_no_evidence_in_either_source	inconclusive_or_no_evidence_in_either_source	No FDR heterogeneity	22
drinks_per_week_gscan	tier1_013_unstable_angina_pectoris	-0.293180880636764	-0.0879790387942478	inconclusive_or_no_evidence_in_either_source	inconclusive_or_no_evidence_in_either_source	No FDR heterogeneity	22
drinks_per_week_gscan	tier1_014_hernia	-0.0212116196855667	-0.00325778935022411	inconclusive_or_no_evidence_in_either_source	inconclusive_or_no_evidence_in_either_source	No FDR heterogeneity	24
drinks_per_week_gscan	tier1_015_diverticular_disease_of_intestine	-0.121708392749988	-0.11767850024798	inconclusive_or_no_evidence_in_either_source	inconclusive_or_no_evidence_in_either_source	No FDR heterogeneity	24
drinks_per_week_gscan	tier1_016_hernia_of_abdominal_wall	0.0185846931595251	0.190539044750876	inconclusive_or_no_evidence_in_either_source	inconclusive_or_no_evidence_in_either_source	No FDR heterogeneity	24
drinks_per_week_gscan	tier1_017_inguinal_hernia	0.0865848042429577	0.0141085062555437	inconclusive_or_no_evidence_in_either_source	inconclusive_or_no_evidence_in_either_source	No FDR heterogeneity	24
drinks_per_week_gscan	tier1_018_cholelithiasis	-0.117848734689144	-0.115048082999818	inconclusive_or_no_evidence_in_either_source	inconclusive_or_no_evidence_in_either_source	No FDR heterogeneity	23
drinks_per_week_gscan	tier1_019_diaphragmatic_hernia	0.133844212814694	0.206816990718293	inconclusive_or_no_evidence_in_either_source	asymmetric_support_without_demonstrated_heterogeneity	No FDR heterogeneity	23
drinks_per_week_gscan	tier1_020_obesity_related_asthma	-0.403659772247808	-0.27672754394119	inconclusive_or_no_evidence_in_either_source	inconclusive_or_no_evidence_in_either_source	No FDR heterogeneity	23
drinks_per_week_gscan	tier1_021_influenza_and_pneumonia	-0.210110247612691	-0.187073297369031	inconclusive_or_no_evidence_in_either_source	inconclusive_or_no_evidence_in_either_source	No FDR heterogeneity	23
drinks_per_week_gscan	tier1_022_asthma_related_pneumonia	-0.0547849336151852	0.026156189483875	inconclusive_or_no_evidence_in_either_source	inconclusive_or_no_evidence_in_either_source	No FDR heterogeneity	23
drinks_per_week_gscan	tier1_023_constipation	-0.127379518420238	-0.233806372151683	inconclusive_or_no_evidence_in_either_source	inconclusive_or_no_evidence_in_either_source	No FDR heterogeneity	22
drinks_per_week_gscan	tier1_024_other_gastritis_incl_duodenitis	0.130561147528606	0.193532798503801	inconclusive_or_no_evidence_in_either_source	inconclusive_or_no_evidence_in_either_source	No FDR heterogeneity	24
drinks_per_week_gscan	tier1_025_hernia_of_abdominal_wall_postoperative	0.185531788712584	0.398010636361544	inconclusive_or_no_evidence_in_either_source	inconclusive_or_no_evidence_in_either_source	No FDR heterogeneity	24
drinks_per_week_gscan	tier1_026_irritable_bowel_syndrome	-0.091582485543582	-0.0792315589548285	inconclusive_or_no_evidence_in_either_source	inconclusive_or_no_evidence_in_either_source	No FDR heterogeneity	22
drinks_per_week_gscan	tier1_027_pleural_effusion	0.613288373321854	0.532503764974885	inconclusive_or_no_evidence_in_either_source	inconclusive_or_no_evidence_in_either_source	No FDR heterogeneity	22
drinks_per_week_gscan	tier1_028_gastric_ulcer	0.258562276321992	0.447895269858781	inconclusive_or_no_evidence_in_either_source	inconclusive_or_no_evidence_in_either_source	No FDR heterogeneity	22
drinks_per_week_gscan	tier1_029_noninflammatory_disorders_of_female_genital_tract	0.168898071703265	0.121607332676758	inconclusive_or_no_evidence_in_either_source	inconclusive_or_no_evidence_in_either_source	No FDR heterogeneity	24
drinks_per_week_gscan	tier1_030_hyperplasia_of_prostate	-0.032414739685846	-0.11079637803771	asymmetric_support_without_demonstrated_heterogeneity	asymmetric_support_without_demonstrated_heterogeneity	No FDR heterogeneity	22
drinks_per_week_gscan	tier1_031_renal_failure	-0.236930718606206	-0.226422694414314	inconclusive_or_no_evidence_in_either_source	inconclusive_or_no_evidence_in_either_source	No FDR heterogeneity	22
drinks_per_week_gscan	tier1_032_polyp_of_the_female_genital_tract	0.569849079557404	0.494806427542729	asymmetric_support_without_demonstrated_heterogeneity	asymmetric_support_without_demonstrated_heterogeneity	No FDR heterogeneity	23
drinks_per_week_gscan	tier1_033_postmenopausal_bleeding	0.42508710340261	0.362795744056053	asymmetric_support_without_demonstrated_heterogeneity	inconclusive_or_no_evidence_in_either_source	No FDR heterogeneity	22
drinks_per_week_gscan	tier1_034_acute_renal_failure	-0.153466256750603	-0.290851327276393	inconclusive_or_no_evidence_in_either_source	inconclusive_or_no_evidence_in_either_source	No FDR heterogeneity	22
drinks_per_week_gscan	tier1_035_inflammatory_diseases_of_female_pelvic_organs	0.215939223192507	0.299360884381622	inconclusive_or_no_evidence_in_either_source	inconclusive_or_no_evidence_in_either_source	No FDR heterogeneity	21
drinks_per_week_gscan	tier1_036_ovarian_cyst	-0.132982363172257	-0.32667020298305	inconclusive_or_no_evidence_in_either_source	inconclusive_or_no_evidence_in_either_source	No FDR heterogeneity	22
drinks_per_week_gscan	tier1_037_low_back_pain	0.238397775327306	0.264121566981152	inconclusive_or_no_evidence_in_either_source	inconclusive_or_no_evidence_in_either_source	No FDR heterogeneity	24
drinks_per_week_gscan	tier1_038_disorders_of_synovium_and_tendon	0.0682529703563401	0.038137132776966	inconclusive_or_no_evidence_in_either_source	inconclusive_or_no_evidence_in_either_source	No FDR heterogeneity	23
drinks_per_week_gscan	tier1_039_pain_in_joint	-0.024784292548951	-0.122157276124334	inconclusive_or_no_evidence_in_either_source	inconclusive_or_no_evidence_in_either_source	No FDR heterogeneity	22
drinks_per_week_gscan	tier1_040_osteoporosis	-0.153701070109198	-0.127438024127067	inconclusive_or_no_evidence_in_either_source	inconclusive_or_no_evidence_in_either_source	No FDR heterogeneity	22
drinks_per_week_gscan	tier1_041_pain_in_limb	0.335078222283715	0.388784203476902	asymmetric_support_without_demonstrated_heterogeneity	asymmetric_support_without_demonstrated_heterogeneity	No FDR heterogeneity	22
drinks_per_week_gscan	tier1_042_polyarthropathies	-0.212314561160917	-0.188461819003621	inconclusive_or_no_evidence_in_either_source	inconclusive_or_no_evidence_in_either_source	No FDR heterogeneity	24
drinks_per_week_gscan	tier1_043_rheumatoid_arthritis	-0.183699391498168	-0.166781230663513	inconclusive_or_no_evidence_in_either_source	inconclusive_or_no_evidence_in_either_source	No FDR heterogeneity	22
drinks_per_week_gscan	tier1_044_spinal_stenosis	-0.093045330246564	-0.125100475213924	inconclusive_or_no_evidence_in_either_source	inconclusive_or_no_evidence_in_either_source	No FDR heterogeneity	22
drinks_per_week_gscan	tier1_045_sleep_disorders_combined	0.17571837756981	0.238579761752516	inconclusive_or_no_evidence_in_either_source	inconclusive_or_no_evidence_in_either_source	No FDR heterogeneity	23
drinks_per_week_gscan	tier1_046_sleep_apnoea	0.144402531917636	0.225723890711837	inconclusive_or_no_evidence_in_either_source	inconclusive_or_no_evidence_in_either_source	No FDR heterogeneity	23
drinks_per_week_gscan	tier1_047_cardiac_arrhythmias	0.239483807496543	0.275739957950206	asymmetric_support_without_demonstrated_heterogeneity	asymmetric_support_without_demonstrated_heterogeneity	No FDR heterogeneity	24
drinks_per_week_gscan	tier1_048_pain_limb_back_neck_head_abdominally	0.266071451099148	0.284884786326737	inconclusive_or_no_evidence_in_either_source	inconclusive_or_no_evidence_in_either_source	No FDR heterogeneity	24
drinks_per_week_gscan	tier1_049_iron_deficiency_anaemia	-0.493243687343339	-0.437815051163559	inconclusive_or_no_evidence_in_either_source	inconclusive_or_no_evidence_in_either_source	No FDR heterogeneity	23
drinks_per_week_gscan	tier1_050_retention_of_urine	-0.0526732853487003	0.0395435995229927	inconclusive_or_no_evidence_in_either_source	inconclusive_or_no_evidence_in_either_source	No FDR heterogeneity	22
drinks_per_week_gscan	tier1_051_senile_cataract	-0.256996672835697	-0.307595967288182	inconclusive_or_no_evidence_in_either_source	inconclusive_or_no_evidence_in_either_source	No FDR heterogeneity	22
drinks_per_week_gscan	tier1_052_other_disorders_of_eyelid	-0.194593545748644	-0.136263139509902	inconclusive_or_no_evidence_in_either_source	inconclusive_or_no_evidence_in_either_source	No FDR heterogeneity	22
drinks_per_week_gscan	tier1_053_glaucoma	-0.204624994506207	-0.220568246593994	inconclusive_or_no_evidence_in_either_source	inconclusive_or_no_evidence_in_either_source	No FDR heterogeneity	22
egfr_ckdgen_ea	tier1_001_hypertension	0.730903459857468	0.579693003393758	inconclusive_or_no_evidence_in_either_source	inconclusive_or_no_evidence_in_either_source	No FDR heterogeneity	106
egfr_ckdgen_ea	tier1_002_hypertension_essential	0.8142795586096	0.654207491765292	inconclusive_or_no_evidence_in_either_source	inconclusive_or_no_evidence_in_either_source	No FDR heterogeneity	106
egfr_ckdgen_ea	tier1_003_ischaemic_heart_disease_wide_definition	0.358466197554859	0.313942663145498	inconclusive_or_no_evidence_in_either_source	inconclusive_or_no_evidence_in_either_source	No FDR heterogeneity	106
egfr_ckdgen_ea	tier1_004_angina_pectoris	0.436465508524974	0.292574852682243	inconclusive_or_no_evidence_in_either_source	inconclusive_or_no_evidence_in_either_source	No FDR heterogeneity	100
egfr_ckdgen_ea	tier1_005_atrial_fibrillation_and_flutter	0.3273774724132	0.0962414283087983	inconclusive_or_no_evidence_in_either_source	inconclusive_or_no_evidence_in_either_source	No FDR heterogeneity	95
egfr_ckdgen_ea	tier1_006_obesity	-0.161773025722274	-0.124501787008132	inconclusive_or_no_evidence_in_either_source	inconclusive_or_no_evidence_in_either_source	No FDR heterogeneity	98
egfr_ckdgen_ea	tier1_007_obesity_due_to_excess_calories	-0.19579376946582	-0.199790963404948	inconclusive_or_no_evidence_in_either_source	inconclusive_or_no_evidence_in_either_source	No FDR heterogeneity	98
egfr_ckdgen_ea	tier1_008_varicose_veins	0.233950109611775	0.330980401958882	inconclusive_or_no_evidence_in_either_source	inconclusive_or_no_evidence_in_either_source	No FDR heterogeneity	99
egfr_ckdgen_ea	tier1_009_conduction_disorders	0.716357288001437	0.403825080695763	inconclusive_or_no_evidence_in_either_source	inconclusive_or_no_evidence_in_either_source	No FDR heterogeneity	96
egfr_ckdgen_ea	tier1_010_heart_failure_strict	-0.224401071978917	-0.354701364766578	inconclusive_or_no_evidence_in_either_source	inconclusive_or_no_evidence_in_either_source	No FDR heterogeneity	95
egfr_ckdgen_ea	tier1_011_heart_failure_and_coronary_heart_disease	-0.135476350663272	-0.584946839766206	inconclusive_or_no_evidence_in_either_source	inconclusive_or_no_evidence_in_either_source	No FDR heterogeneity	95
egfr_ckdgen_ea	tier1_012_hypotension	0.51288836646704	0.328931522840195	inconclusive_or_no_evidence_in_either_source	inconclusive_or_no_evidence_in_either_source	No FDR heterogeneity	96
egfr_ckdgen_ea	tier1_013_unstable_angina_pectoris	0.021996181104673	-0.393038504275175	inconclusive_or_no_evidence_in_either_source	inconclusive_or_no_evidence_in_either_source	No FDR heterogeneity	95
egfr_ckdgen_ea	tier1_014_hernia	-0.109008148588056	-0.361610461795202	inconclusive_or_no_evidence_in_either_source	inconclusive_or_no_evidence_in_either_source	No FDR heterogeneity	105
egfr_ckdgen_ea	tier1_015_diverticular_disease_of_intestine	0.0202012940413982	-0.198856631152113	inconclusive_or_no_evidence_in_either_source	inconclusive_or_no_evidence_in_either_source	No FDR heterogeneity	99
egfr_ckdgen_ea	tier1_016_hernia_of_abdominal_wall	-0.342909635898545	-0.514563205542471	inconclusive_or_no_evidence_in_either_source	inconclusive_or_no_evidence_in_either_source	No FDR heterogeneity	105
egfr_ckdgen_ea	tier1_017_inguinal_hernia	-0.159010019580686	-0.336273692110734	inconclusive_or_no_evidence_in_either_source	inconclusive_or_no_evidence_in_either_source	No FDR heterogeneity	98
egfr_ckdgen_ea	tier1_018_cholelithiasis	-0.218414228297094	-0.129600827227537	inconclusive_or_no_evidence_in_either_source	inconclusive_or_no_evidence_in_either_source	No FDR heterogeneity	101
egfr_ckdgen_ea	tier1_019_diaphragmatic_hernia	-0.303013954769624	-0.56266526226706	inconclusive_or_no_evidence_in_either_source	inconclusive_or_no_evidence_in_either_source	No FDR heterogeneity	105
egfr_ckdgen_ea	tier1_020_obesity_related_asthma	-0.858030089615952	-0.941932241778668	inconclusive_or_no_evidence_in_either_source	inconclusive_or_no_evidence_in_either_source	No FDR heterogeneity	97
egfr_ckdgen_ea	tier1_021_influenza_and_pneumonia	-0.262782470441359	-0.259752034092154	inconclusive_or_no_evidence_in_either_source	inconclusive_or_no_evidence_in_either_source	No FDR heterogeneity	97
egfr_ckdgen_ea	tier1_022_asthma_related_pneumonia	-0.485802572154622	-0.583283236459405	inconclusive_or_no_evidence_in_either_source	inconclusive_or_no_evidence_in_either_source	No FDR heterogeneity	97
egfr_ckdgen_ea	tier1_023_constipation	-3.90353269187987	-4.26275859578585	evidence_of_source_heterogeneity	evidence_of_source_heterogeneity	Retained heterogeneity	97
egfr_ckdgen_ea	tier1_024_other_gastritis_incl_duodenitis	0.641753286371606	0.488079654097312	inconclusive_or_no_evidence_in_either_source	inconclusive_or_no_evidence_in_either_source	No FDR heterogeneity	105
egfr_ckdgen_ea	tier1_025_hernia_of_abdominal_wall_postoperative	-0.561321781617581	-0.785407439220244	inconclusive_or_no_evidence_in_either_source	inconclusive_or_no_evidence_in_either_source	No FDR heterogeneity	105
egfr_ckdgen_ea	tier1_026_irritable_bowel_syndrome	-0.244256080476402	-0.113016090859561	inconclusive_or_no_evidence_in_either_source	inconclusive_or_no_evidence_in_either_source	No FDR heterogeneity	95
egfr_ckdgen_ea	tier1_027_pleural_effusion	0.061458858939009	-0.578923300740286	inconclusive_or_no_evidence_in_either_source	asymmetric_support_without_demonstrated_heterogeneity	No FDR heterogeneity	96
egfr_ckdgen_ea	tier1_028_gastric_ulcer	0.836883125364623	0.822327839501756	inconclusive_or_no_evidence_in_either_source	inconclusive_or_no_evidence_in_either_source	No FDR heterogeneity	96
egfr_ckdgen_ea	tier1_029_noninflammatory_disorders_of_female_genital_tract	0.164203799024077	0.153161963884281	inconclusive_or_no_evidence_in_either_source	inconclusive_or_no_evidence_in_either_source	No FDR heterogeneity	105
egfr_ckdgen_ea	tier1_030_hyperplasia_of_prostate	0.0066599103945692	0.0663825330282897	inconclusive_or_no_evidence_in_either_source	inconclusive_or_no_evidence_in_either_source	No FDR heterogeneity	96
egfr_ckdgen_ea	tier1_031_renal_failure	1.84330825938928	1.7181513146276	concordant_cross_source_support	concordant_cross_source_support	No FDR heterogeneity	95
egfr_ckdgen_ea	tier1_032_polyp_of_the_female_genital_tract	0.022621345427199	0.16276286407369	inconclusive_or_no_evidence_in_either_source	inconclusive_or_no_evidence_in_either_source	No FDR heterogeneity	97
egfr_ckdgen_ea	tier1_033_postmenopausal_bleeding	0.423060794225623	0.306996421497692	inconclusive_or_no_evidence_in_either_source	inconclusive_or_no_evidence_in_either_source	No FDR heterogeneity	97
egfr_ckdgen_ea	tier1_034_acute_renal_failure	1.01357755339858	1.15794782791284	asymmetric_support_without_demonstrated_heterogeneity	asymmetric_support_without_demonstrated_heterogeneity	No FDR heterogeneity	96
egfr_ckdgen_ea	tier1_035_inflammatory_diseases_of_female_pelvic_organs	-0.783451745544754	-0.550551914421833	inconclusive_or_no_evidence_in_either_source	inconclusive_or_no_evidence_in_either_source	No FDR heterogeneity	95
egfr_ckdgen_ea	tier1_036_ovarian_cyst	-0.0224169082503047	0.040308658142238	inconclusive_or_no_evidence_in_either_source	inconclusive_or_no_evidence_in_either_source	No FDR heterogeneity	96
egfr_ckdgen_ea	tier1_037_low_back_pain	0.276684186679257	0.289921058136446	inconclusive_or_no_evidence_in_either_source	inconclusive_or_no_evidence_in_either_source	No FDR heterogeneity	105
egfr_ckdgen_ea	tier1_038_disorders_of_synovium_and_tendon	0.095273638596046	-0.128283877221831	inconclusive_or_no_evidence_in_either_source	inconclusive_or_no_evidence_in_either_source	No FDR heterogeneity	97
egfr_ckdgen_ea	tier1_039_pain_in_joint	-1.4332333524321	-1.59079185735432	asymmetric_support_without_demonstrated_heterogeneity	asymmetric_support_without_demonstrated_heterogeneity	No FDR heterogeneity	96
egfr_ckdgen_ea	tier1_040_osteoporosis	0.147574737216232	0.0913251616735296	inconclusive_or_no_evidence_in_either_source	inconclusive_or_no_evidence_in_either_source	No FDR heterogeneity	95
egfr_ckdgen_ea	tier1_041_pain_in_limb	-0.652420643304929	-0.551282227280524	asymmetric_support_without_demonstrated_heterogeneity	asymmetric_support_without_demonstrated_heterogeneity	No FDR heterogeneity	95
egfr_ckdgen_ea	tier1_042_polyarthropathies	-0.469980444363856	-0.806253403921376	inconclusive_or_no_evidence_in_either_source	inconclusive_or_no_evidence_in_either_source	No FDR heterogeneity	98
egfr_ckdgen_ea	tier1_043_rheumatoid_arthritis	-0.751861633425848	-0.879952218136045	inconclusive_or_no_evidence_in_either_source	inconclusive_or_no_evidence_in_either_source	No FDR heterogeneity	95
egfr_ckdgen_ea	tier1_044_spinal_stenosis	-0.184824621278525	-0.271848592284279	inconclusive_or_no_evidence_in_either_source	inconclusive_or_no_evidence_in_either_source	No FDR heterogeneity	95
egfr_ckdgen_ea	tier1_045_sleep_disorders_combined	-0.220696239735621	-0.306267622734107	inconclusive_or_no_evidence_in_either_source	inconclusive_or_no_evidence_in_either_source	No FDR heterogeneity	101
egfr_ckdgen_ea	tier1_046_sleep_apnoea	0.262730036660348	0.192305912703366	inconclusive_or_no_evidence_in_either_source	inconclusive_or_no_evidence_in_either_source	No FDR heterogeneity	99
egfr_ckdgen_ea	tier1_047_cardiac_arrhythmias	0.282082853893483	0.338336421621787	inconclusive_or_no_evidence_in_either_source	inconclusive_or_no_evidence_in_either_source	No FDR heterogeneity	100
egfr_ckdgen_ea	tier1_048_pain_limb_back_neck_head_abdominally	0.364726246958022	0.392696993701632	inconclusive_or_no_evidence_in_either_source	inconclusive_or_no_evidence_in_either_source	No FDR heterogeneity	105
egfr_ckdgen_ea	tier1_049_iron_deficiency_anaemia	0.596787908120642	0.452200800188742	inconclusive_or_no_evidence_in_either_source	inconclusive_or_no_evidence_in_either_source	No FDR heterogeneity	98
egfr_ckdgen_ea	tier1_050_retention_of_urine	-0.904728104754596	-1.12165289269494	inconclusive_or_no_evidence_in_either_source	inconclusive_or_no_evidence_in_either_source	No FDR heterogeneity	96
egfr_ckdgen_ea	tier1_051_senile_cataract	0.31257587292921	0.316259758652686	inconclusive_or_no_evidence_in_either_source	inconclusive_or_no_evidence_in_either_source	No FDR heterogeneity	98
egfr_ckdgen_ea	tier1_052_other_disorders_of_eyelid	0.009343909289625	0.0109584944024751	inconclusive_or_no_evidence_in_either_source	inconclusive_or_no_evidence_in_either_source	No FDR heterogeneity	96
egfr_ckdgen_ea	tier1_053_glaucoma	0.329518534539865	0.494683459914373	inconclusive_or_no_evidence_in_either_source	inconclusive_or_no_evidence_in_either_source	No FDR heterogeneity	97
fasting_glucose_bmiadj	tier1_001_hypertension	-0.0870481041616817	-0.0870481041616817	inconclusive_or_no_evidence_in_either_source	inconclusive_or_no_evidence_in_either_source	No FDR heterogeneity	24
fasting_glucose_bmiadj	tier1_002_hypertension_essential	-0.0936136837466386	-0.0936136837466386	inconclusive_or_no_evidence_in_either_source	inconclusive_or_no_evidence_in_either_source	No FDR heterogeneity	24
fasting_glucose_bmiadj	tier1_003_ischaemic_heart_disease_wide_definition	-0.122450641487213	-0.122450641487213	inconclusive_or_no_evidence_in_either_source	inconclusive_or_no_evidence_in_either_source	No FDR heterogeneity	24
fasting_glucose_bmiadj	tier1_004_angina_pectoris	-0.0830968583791974	-0.0830968583791974	inconclusive_or_no_evidence_in_either_source	inconclusive_or_no_evidence_in_either_source	No FDR heterogeneity	24
fasting_glucose_bmiadj	tier1_005_atrial_fibrillation_and_flutter	-0.0585870698001139	-0.0585870698001138	asymmetric_support_without_demonstrated_heterogeneity	asymmetric_support_without_demonstrated_heterogeneity	No FDR heterogeneity	24
fasting_glucose_bmiadj	tier1_006_obesity	0.064361145271825	0.0643611452718251	asymmetric_support_without_demonstrated_heterogeneity	asymmetric_support_without_demonstrated_heterogeneity	No FDR heterogeneity	24
fasting_glucose_bmiadj	tier1_007_obesity_due_to_excess_calories	0.064848148501455	0.0648481485014542	asymmetric_support_without_demonstrated_heterogeneity	asymmetric_support_without_demonstrated_heterogeneity	No FDR heterogeneity	24
fasting_glucose_bmiadj	tier1_008_varicose_veins	0.042623641521296	0.0426236415212966	inconclusive_or_no_evidence_in_either_source	inconclusive_or_no_evidence_in_either_source	No FDR heterogeneity	24
fasting_glucose_bmiadj	tier1_009_conduction_disorders	0.102099131446636	0.102099131446637	inconclusive_or_no_evidence_in_either_source	inconclusive_or_no_evidence_in_either_source	No FDR heterogeneity	24
fasting_glucose_bmiadj	tier1_010_heart_failure_strict	-0.145437587796241	-0.145437587796241	inconclusive_or_no_evidence_in_either_source	inconclusive_or_no_evidence_in_either_source	No FDR heterogeneity	24
fasting_glucose_bmiadj	tier1_011_heart_failure_and_coronary_heart_disease	-0.0780472975234932	-0.0780472975234932	inconclusive_or_no_evidence_in_either_source	inconclusive_or_no_evidence_in_either_source	No FDR heterogeneity	24
fasting_glucose_bmiadj	tier1_012_hypotension	-0.280323032075999	-0.280323032075999	inconclusive_or_no_evidence_in_either_source	inconclusive_or_no_evidence_in_either_source	No FDR heterogeneity	24
fasting_glucose_bmiadj	tier1_013_unstable_angina_pectoris	-0.078756139112206	-0.0787561391122061	inconclusive_or_no_evidence_in_either_source	inconclusive_or_no_evidence_in_either_source	No FDR heterogeneity	24
fasting_glucose_bmiadj	tier1_014_hernia	-0.814283132256288	-0.814283132256287	evidence_of_source_heterogeneity	evidence_of_source_heterogeneity	Retained heterogeneity	24
fasting_glucose_bmiadj	tier1_015_diverticular_disease_of_intestine	-0.0136600404883038	-0.0136600404883038	evidence_of_practical_equivalence	evidence_of_practical_equivalence	No FDR heterogeneity	24
fasting_glucose_bmiadj	tier1_016_hernia_of_abdominal_wall	-0.169821964927828	-0.169821964927828	inconclusive_or_no_evidence_in_either_source	inconclusive_or_no_evidence_in_either_source	No FDR heterogeneity	24
fasting_glucose_bmiadj	tier1_017_inguinal_hernia	-0.0445438950779062	-0.0445438950779062	inconclusive_or_no_evidence_in_either_source	inconclusive_or_no_evidence_in_either_source	No FDR heterogeneity	24
fasting_glucose_bmiadj	tier1_018_cholelithiasis	0.172069617599799	0.172069617599799	inconclusive_or_no_evidence_in_either_source	inconclusive_or_no_evidence_in_either_source	No FDR heterogeneity	24
fasting_glucose_bmiadj	tier1_019_diaphragmatic_hernia	-0.162255954457664	-0.162255954457664	inconclusive_or_no_evidence_in_either_source	inconclusive_or_no_evidence_in_either_source	No FDR heterogeneity	24
fasting_glucose_bmiadj	tier1_020_obesity_related_asthma	0.029513821354615	0.0295138213546148	asymmetric_support_without_demonstrated_heterogeneity	asymmetric_support_without_demonstrated_heterogeneity	No FDR heterogeneity	24
fasting_glucose_bmiadj	tier1_021_influenza_and_pneumonia	0.0102858390627145	0.0102858390627146	evidence_of_practical_equivalence	evidence_of_practical_equivalence	No FDR heterogeneity	24
fasting_glucose_bmiadj	tier1_022_asthma_related_pneumonia	-0.197818921517695	-0.197818921517696	asymmetric_support_without_demonstrated_heterogeneity	asymmetric_support_without_demonstrated_heterogeneity	No FDR heterogeneity	24
fasting_glucose_bmiadj	tier1_023_constipation	0.009174200281415	0.00917420028141508	evidence_of_practical_equivalence	evidence_of_practical_equivalence	No FDR heterogeneity	24
fasting_glucose_bmiadj	tier1_024_other_gastritis_incl_duodenitis	-0.130910484724031	-0.130910484724031	inconclusive_or_no_evidence_in_either_source	inconclusive_or_no_evidence_in_either_source	No FDR heterogeneity	24
fasting_glucose_bmiadj	tier1_025_hernia_of_abdominal_wall_postoperative	-0.29797251780513	-0.29797251780513	inconclusive_or_no_evidence_in_either_source	inconclusive_or_no_evidence_in_either_source	No FDR heterogeneity	24
fasting_glucose_bmiadj	tier1_026_irritable_bowel_syndrome	-0.058220105486841	-0.058220105486841	asymmetric_support_without_demonstrated_heterogeneity	asymmetric_support_without_demonstrated_heterogeneity	No FDR heterogeneity	24
fasting_glucose_bmiadj	tier1_027_pleural_effusion	-0.0081092661059283	-0.00810926610592822	inconclusive_or_no_evidence_in_either_source	inconclusive_or_no_evidence_in_either_source	No FDR heterogeneity	24
fasting_glucose_bmiadj	tier1_028_gastric_ulcer	-0.15642150750171	-0.15642150750171	inconclusive_or_no_evidence_in_either_source	inconclusive_or_no_evidence_in_either_source	No FDR heterogeneity	24
fasting_glucose_bmiadj	tier1_029_noninflammatory_disorders_of_female_genital_tract	-0.0163364239625916	-0.0163364239625916	evidence_of_practical_equivalence	evidence_of_practical_equivalence	No FDR heterogeneity	24
fasting_glucose_bmiadj	tier1_030_hyperplasia_of_prostate	0.0274083923651354	0.0224957316861666	inconclusive_or_no_evidence_in_either_source	inconclusive_or_no_evidence_in_either_source	No FDR heterogeneity	23
fasting_glucose_bmiadj	tier1_031_renal_failure	0.0796185206329621	0.0796185206329622	asymmetric_support_without_demonstrated_heterogeneity	asymmetric_support_without_demonstrated_heterogeneity	No FDR heterogeneity	24
fasting_glucose_bmiadj	tier1_032_polyp_of_the_female_genital_tract	-0.0341132220923233	-0.0341132220923233	inconclusive_or_no_evidence_in_either_source	inconclusive_or_no_evidence_in_either_source	No FDR heterogeneity	24
fasting_glucose_bmiadj	tier1_033_postmenopausal_bleeding	-0.182927265405828	-0.182927265405828	inconclusive_or_no_evidence_in_either_source	inconclusive_or_no_evidence_in_either_source	No FDR heterogeneity	24
fasting_glucose_bmiadj	tier1_034_acute_renal_failure	0.0913414301778579	0.0913414301778579	inconclusive_or_no_evidence_in_either_source	inconclusive_or_no_evidence_in_either_source	No FDR heterogeneity	24
fasting_glucose_bmiadj	tier1_035_inflammatory_diseases_of_female_pelvic_organs	-0.0688989860157439	-0.0688989860157439	inconclusive_or_no_evidence_in_either_source	inconclusive_or_no_evidence_in_either_source	No FDR heterogeneity	24
fasting_glucose_bmiadj	tier1_036_ovarian_cyst	-0.098488584358079	-0.098488584358079	inconclusive_or_no_evidence_in_either_source	inconclusive_or_no_evidence_in_either_source	No FDR heterogeneity	24
fasting_glucose_bmiadj	tier1_037_low_back_pain	-0.0539254545400062	-0.053925454540006	asymmetric_support_without_demonstrated_heterogeneity	asymmetric_support_without_demonstrated_heterogeneity	No FDR heterogeneity	24
fasting_glucose_bmiadj	tier1_038_disorders_of_synovium_and_tendon	-0.0929937355408842	-0.0929937355408838	asymmetric_support_without_demonstrated_heterogeneity	asymmetric_support_without_demonstrated_heterogeneity	No FDR heterogeneity	24
fasting_glucose_bmiadj	tier1_039_pain_in_joint	-0.138841901882743	-0.111977304943533	asymmetric_support_without_demonstrated_heterogeneity	asymmetric_support_without_demonstrated_heterogeneity	No FDR heterogeneity	23
fasting_glucose_bmiadj	tier1_040_osteoporosis	-0.0124233297319815	-0.0124233297319815	inconclusive_or_no_evidence_in_either_source	inconclusive_or_no_evidence_in_either_source	No FDR heterogeneity	24
fasting_glucose_bmiadj	tier1_041_pain_in_limb	-0.115115604514699	-0.115115604514699	inconclusive_or_no_evidence_in_either_source	inconclusive_or_no_evidence_in_either_source	No FDR heterogeneity	24
fasting_glucose_bmiadj	tier1_042_polyarthropathies	-0.041135703856658	-0.0411357038566586	asymmetric_support_without_demonstrated_heterogeneity	asymmetric_support_without_demonstrated_heterogeneity	No FDR heterogeneity	24
fasting_glucose_bmiadj	tier1_043_rheumatoid_arthritis	-0.05656641445898	-0.0565664144589803	inconclusive_or_no_evidence_in_either_source	inconclusive_or_no_evidence_in_either_source	No FDR heterogeneity	24
fasting_glucose_bmiadj	tier1_044_spinal_stenosis	-0.0847592184680894	-0.084759218468089	inconclusive_or_no_evidence_in_either_source	inconclusive_or_no_evidence_in_either_source	No FDR heterogeneity	24
fasting_glucose_bmiadj	tier1_045_sleep_disorders_combined	0.013181229432361	0.0131812294323614	asymmetric_support_without_demonstrated_heterogeneity	asymmetric_support_without_demonstrated_heterogeneity	No FDR heterogeneity	24
fasting_glucose_bmiadj	tier1_046_sleep_apnoea	-0.101351220490204	-0.101351220490204	asymmetric_support_without_demonstrated_heterogeneity	asymmetric_support_without_demonstrated_heterogeneity	No FDR heterogeneity	24
fasting_glucose_bmiadj	tier1_047_cardiac_arrhythmias	0.158674211769193	0.158674211769192	inconclusive_or_no_evidence_in_either_source	inconclusive_or_no_evidence_in_either_source	No FDR heterogeneity	24
fasting_glucose_bmiadj	tier1_048_pain_limb_back_neck_head_abdominally	-0.000405611114390497	-0.000405611114390525	evidence_of_practical_equivalence	evidence_of_practical_equivalence	No FDR heterogeneity	24
fasting_glucose_bmiadj	tier1_049_iron_deficiency_anaemia	-0.208773739505806	-0.208773739505806	inconclusive_or_no_evidence_in_either_source	inconclusive_or_no_evidence_in_either_source	No FDR heterogeneity	24
fasting_glucose_bmiadj	tier1_050_retention_of_urine	-0.0268239014837317	-0.0268239014837316	inconclusive_or_no_evidence_in_either_source	inconclusive_or_no_evidence_in_either_source	No FDR heterogeneity	24
fasting_glucose_bmiadj	tier1_051_senile_cataract	0.0396681994838362	0.0396681994838362	inconclusive_or_no_evidence_in_either_source	inconclusive_or_no_evidence_in_either_source	No FDR heterogeneity	24
fasting_glucose_bmiadj	tier1_052_other_disorders_of_eyelid	0.0208279665554622	0.0208279665554616	inconclusive_or_no_evidence_in_either_source	inconclusive_or_no_evidence_in_either_source	No FDR heterogeneity	24
fasting_glucose_bmiadj	tier1_053_glaucoma	0.13696784878935	0.13696784878935	asymmetric_support_without_demonstrated_heterogeneity	asymmetric_support_without_demonstrated_heterogeneity	No FDR heterogeneity	24
fasting_insulin_bmiadj	tier1_001_hypertension	-0.212356017357214	-0.212356017357214	asymmetric_support_without_demonstrated_heterogeneity	asymmetric_support_without_demonstrated_heterogeneity	No FDR heterogeneity	9
fasting_insulin_bmiadj	tier1_002_hypertension_essential	-0.21722523923767	-0.21722523923767	asymmetric_support_without_demonstrated_heterogeneity	asymmetric_support_without_demonstrated_heterogeneity	No FDR heterogeneity	9
fasting_insulin_bmiadj	tier1_003_ischaemic_heart_disease_wide_definition	0.053024854738471	0.0530248547384715	inconclusive_or_no_evidence_in_either_source	inconclusive_or_no_evidence_in_either_source	No FDR heterogeneity	9
fasting_insulin_bmiadj	tier1_004_angina_pectoris	0.204915373481993	0.204915373481993	inconclusive_or_no_evidence_in_either_source	inconclusive_or_no_evidence_in_either_source	No FDR heterogeneity	9
fasting_insulin_bmiadj	tier1_005_atrial_fibrillation_and_flutter	-0.12995216510176	-0.000663716747563867	inconclusive_or_no_evidence_in_either_source	inconclusive_or_no_evidence_in_either_source	No FDR heterogeneity	8
fasting_insulin_bmiadj	tier1_006_obesity	-0.450623609981447	-0.450623609981447	asymmetric_support_without_demonstrated_heterogeneity	asymmetric_support_without_demonstrated_heterogeneity	No FDR heterogeneity	9
fasting_insulin_bmiadj	tier1_007_obesity_due_to_excess_calories	-0.564567623179841	-0.564567623179843	asymmetric_support_without_demonstrated_heterogeneity	asymmetric_support_without_demonstrated_heterogeneity	No FDR heterogeneity	9
fasting_insulin_bmiadj	tier1_008_varicose_veins	-0.204688356361378	-0.204688356361378	inconclusive_or_no_evidence_in_either_source	inconclusive_or_no_evidence_in_either_source	No FDR heterogeneity	9
fasting_insulin_bmiadj	tier1_009_conduction_disorders	-0.058879428027201	-0.12323438823847	inconclusive_or_no_evidence_in_either_source	inconclusive_or_no_evidence_in_either_source	No FDR heterogeneity	8
fasting_insulin_bmiadj	tier1_010_heart_failure_strict	-0.294286469113807	-0.259414171132134	inconclusive_or_no_evidence_in_either_source	inconclusive_or_no_evidence_in_either_source	No FDR heterogeneity	8
fasting_insulin_bmiadj	tier1_011_heart_failure_and_coronary_heart_disease	-0.148076901554357	-0.0586983427378688	inconclusive_or_no_evidence_in_either_source	inconclusive_or_no_evidence_in_either_source	No FDR heterogeneity	8
fasting_insulin_bmiadj	tier1_012_hypotension	-1.21841084717965	-1.24609283812194	inconclusive_or_no_evidence_in_either_source	inconclusive_or_no_evidence_in_either_source	No FDR heterogeneity	8
fasting_insulin_bmiadj	tier1_013_unstable_angina_pectoris	-0.00366137370117503	0.102788706258724	inconclusive_or_no_evidence_in_either_source	inconclusive_or_no_evidence_in_either_source	No FDR heterogeneity	8
fasting_insulin_bmiadj	tier1_014_hernia	-0.547782822406841	-0.547782822406841	inconclusive_or_no_evidence_in_either_source	inconclusive_or_no_evidence_in_either_source	No FDR heterogeneity	9
fasting_insulin_bmiadj	tier1_015_diverticular_disease_of_intestine	1.49966208372923	1.49966208372923	evidence_of_source_heterogeneity	evidence_of_source_heterogeneity	Retained heterogeneity	9
fasting_insulin_bmiadj	tier1_016_hernia_of_abdominal_wall	-1.48587489525158	-1.48587489525158	inconclusive_or_no_evidence_in_either_source	inconclusive_or_no_evidence_in_either_source	No FDR heterogeneity	9
fasting_insulin_bmiadj	tier1_017_inguinal_hernia	-0.262354969429144	-0.262354969429145	inconclusive_or_no_evidence_in_either_source	inconclusive_or_no_evidence_in_either_source	No FDR heterogeneity	9
fasting_insulin_bmiadj	tier1_018_cholelithiasis	0.143176971745659	0.143176971745659	asymmetric_support_without_demonstrated_heterogeneity	asymmetric_support_without_demonstrated_heterogeneity	No FDR heterogeneity	9
fasting_insulin_bmiadj	tier1_019_diaphragmatic_hernia	-0.129893017042435	-0.129893017042435	inconclusive_or_no_evidence_in_either_source	inconclusive_or_no_evidence_in_either_source	No FDR heterogeneity	9
fasting_insulin_bmiadj	tier1_020_obesity_related_asthma	-0.361034132111394	-0.361034132111394	asymmetric_support_without_demonstrated_heterogeneity	asymmetric_support_without_demonstrated_heterogeneity	No FDR heterogeneity	9
fasting_insulin_bmiadj	tier1_021_influenza_and_pneumonia	-0.362434734823969	-0.179974164504624	inconclusive_or_no_evidence_in_either_source	inconclusive_or_no_evidence_in_either_source	No FDR heterogeneity	8
fasting_insulin_bmiadj	tier1_022_asthma_related_pneumonia	-0.79031506999219	-0.790315069992191	asymmetric_support_without_demonstrated_heterogeneity	asymmetric_support_without_demonstrated_heterogeneity	No FDR heterogeneity	9
fasting_insulin_bmiadj	tier1_023_constipation	-0.141455881195472	-0.141455881195473	inconclusive_or_no_evidence_in_either_source	inconclusive_or_no_evidence_in_either_source	No FDR heterogeneity	9
fasting_insulin_bmiadj	tier1_024_other_gastritis_incl_duodenitis	0.0304899199415223	0.0304899199415223	inconclusive_or_no_evidence_in_either_source	inconclusive_or_no_evidence_in_either_source	No FDR heterogeneity	9
fasting_insulin_bmiadj	tier1_025_hernia_of_abdominal_wall_postoperative	-1.2344787493895	-1.2344787493895	inconclusive_or_no_evidence_in_either_source	inconclusive_or_no_evidence_in_either_source	No FDR heterogeneity	9
fasting_insulin_bmiadj	tier1_026_irritable_bowel_syndrome	-0.734714576657114	-0.616562221770305	inconclusive_or_no_evidence_in_either_source	inconclusive_or_no_evidence_in_either_source	No FDR heterogeneity	8
fasting_insulin_bmiadj	tier1_027_pleural_effusion	0.18309124626524	0.397565855154654	inconclusive_or_no_evidence_in_either_source	inconclusive_or_no_evidence_in_either_source	No FDR heterogeneity	8
fasting_insulin_bmiadj	tier1_028_gastric_ulcer	0.725213153791395	0.707092245085033	inconclusive_or_no_evidence_in_either_source	inconclusive_or_no_evidence_in_either_source	No FDR heterogeneity	8
fasting_insulin_bmiadj	tier1_029_noninflammatory_disorders_of_female_genital_tract	0.0722869843412374	0.0722869843412372	inconclusive_or_no_evidence_in_either_source	inconclusive_or_no_evidence_in_either_source	No FDR heterogeneity	9
fasting_insulin_bmiadj	tier1_030_hyperplasia_of_prostate	-0.317675046346149	-0.516096001763212	inconclusive_or_no_evidence_in_either_source	inconclusive_or_no_evidence_in_either_source	No FDR heterogeneity	8
fasting_insulin_bmiadj	tier1_031_renal_failure	-0.260634009841037	-0.243879618254369	inconclusive_or_no_evidence_in_either_source	inconclusive_or_no_evidence_in_either_source	No FDR heterogeneity	8
fasting_insulin_bmiadj	tier1_032_polyp_of_the_female_genital_tract	0.452483191895264	0.452483191895264	asymmetric_support_without_demonstrated_heterogeneity	asymmetric_support_without_demonstrated_heterogeneity	No FDR heterogeneity	9
fasting_insulin_bmiadj	tier1_033_postmenopausal_bleeding	0.023413989999688	0.0234139899996882	inconclusive_or_no_evidence_in_either_source	inconclusive_or_no_evidence_in_either_source	No FDR heterogeneity	9
fasting_insulin_bmiadj	tier1_034_acute_renal_failure	-0.579194765567008	-0.442321748402117	inconclusive_or_no_evidence_in_either_source	inconclusive_or_no_evidence_in_either_source	No FDR heterogeneity	8
fasting_insulin_bmiadj	tier1_035_inflammatory_diseases_of_female_pelvic_organs	-0.013465756206913	-0.0134657562069122	inconclusive_or_no_evidence_in_either_source	inconclusive_or_no_evidence_in_either_source	No FDR heterogeneity	9
fasting_insulin_bmiadj	tier1_036_ovarian_cyst	0.424416563095179	0.351525054166933	inconclusive_or_no_evidence_in_either_source	inconclusive_or_no_evidence_in_either_source	No FDR heterogeneity	8
fasting_insulin_bmiadj	tier1_037_low_back_pain	-0.503105859812502	-0.503105859812502	inconclusive_or_no_evidence_in_either_source	inconclusive_or_no_evidence_in_either_source	No FDR heterogeneity	9
fasting_insulin_bmiadj	tier1_038_disorders_of_synovium_and_tendon	-0.307867940232493	-0.307867940232493	inconclusive_or_no_evidence_in_either_source	inconclusive_or_no_evidence_in_either_source	No FDR heterogeneity	9
fasting_insulin_bmiadj	tier1_039_pain_in_joint	0.481372388231225	0.498525885577013	inconclusive_or_no_evidence_in_either_source	inconclusive_or_no_evidence_in_either_source	No FDR heterogeneity	8
fasting_insulin_bmiadj	tier1_040_osteoporosis	0.395791989083663	0.350805802476886	inconclusive_or_no_evidence_in_either_source	inconclusive_or_no_evidence_in_either_source	No FDR heterogeneity	8
fasting_insulin_bmiadj	tier1_041_pain_in_limb	-0.189429991574346	-0.230653724992194	inconclusive_or_no_evidence_in_either_source	inconclusive_or_no_evidence_in_either_source	No FDR heterogeneity	8
fasting_insulin_bmiadj	tier1_042_polyarthropathies	-0.551245229995796	-0.777286657848465	inconclusive_or_no_evidence_in_either_source	inconclusive_or_no_evidence_in_either_source	No FDR heterogeneity	8
fasting_insulin_bmiadj	tier1_043_rheumatoid_arthritis	-0.499376357278874	-0.581620297584657	inconclusive_or_no_evidence_in_either_source	inconclusive_or_no_evidence_in_either_source	No FDR heterogeneity	8
fasting_insulin_bmiadj	tier1_044_spinal_stenosis	-0.890763248083268	-0.883414284120938	asymmetric_support_without_demonstrated_heterogeneity	asymmetric_support_without_demonstrated_heterogeneity	No FDR heterogeneity	8
fasting_insulin_bmiadj	tier1_045_sleep_disorders_combined	-0.247659512444612	-0.247659512444613	inconclusive_or_no_evidence_in_either_source	inconclusive_or_no_evidence_in_either_source	No FDR heterogeneity	9
fasting_insulin_bmiadj	tier1_046_sleep_apnoea	-1.38500265861252	-1.38500265861253	evidence_of_source_heterogeneity	evidence_of_source_heterogeneity	Retained heterogeneity	9
fasting_insulin_bmiadj	tier1_047_cardiac_arrhythmias	0.407085017380914	0.407085017380914	asymmetric_support_without_demonstrated_heterogeneity	asymmetric_support_without_demonstrated_heterogeneity	No FDR heterogeneity	9
fasting_insulin_bmiadj	tier1_048_pain_limb_back_neck_head_abdominally	-0.142240437637832	-0.142240437637831	inconclusive_or_no_evidence_in_either_source	inconclusive_or_no_evidence_in_either_source	No FDR heterogeneity	9
fasting_insulin_bmiadj	tier1_049_iron_deficiency_anaemia	-0.270010139230225	-0.270010139230225	inconclusive_or_no_evidence_in_either_source	inconclusive_or_no_evidence_in_either_source	No FDR heterogeneity	9
fasting_insulin_bmiadj	tier1_050_retention_of_urine	0.12379222833257	0.0130317191450566	inconclusive_or_no_evidence_in_either_source	inconclusive_or_no_evidence_in_either_source	No FDR heterogeneity	8
fasting_insulin_bmiadj	tier1_051_senile_cataract	0.0488508713973681	0.0488508713973683	inconclusive_or_no_evidence_in_either_source	inconclusive_or_no_evidence_in_either_source	No FDR heterogeneity	9
fasting_insulin_bmiadj	tier1_052_other_disorders_of_eyelid	0.427970722244422	0.669546741282335	inconclusive_or_no_evidence_in_either_source	inconclusive_or_no_evidence_in_either_source	No FDR heterogeneity	8
fasting_insulin_bmiadj	tier1_053_glaucoma	-0.129286745235291	-0.204224376109684	inconclusive_or_no_evidence_in_either_source	inconclusive_or_no_evidence_in_either_source	No FDR heterogeneity	8
hba1c_european	tier1_001_hypertension	-0.106999568079661	-0.207838074946356	inconclusive_or_no_evidence_in_either_source	inconclusive_or_no_evidence_in_either_source	No FDR heterogeneity	33
hba1c_european	tier1_002_hypertension_essential	-0.12372947400739	-0.225081341885028	inconclusive_or_no_evidence_in_either_source	inconclusive_or_no_evidence_in_either_source	No FDR heterogeneity	33
hba1c_european	tier1_003_ischaemic_heart_disease_wide_definition	-0.059178141384944	-0.0888513346478293	concordant_cross_source_support	concordant_cross_source_support	No FDR heterogeneity	33
hba1c_european	tier1_004_angina_pectoris	-0.04825679005078	-0.0846571530189154	concordant_cross_source_support	concordant_cross_source_support	No FDR heterogeneity	32
hba1c_european	tier1_005_atrial_fibrillation_and_flutter	-0.150669047255186	-0.267397124731332	inconclusive_or_no_evidence_in_either_source	inconclusive_or_no_evidence_in_either_source	No FDR heterogeneity	27
hba1c_european	tier1_006_obesity	0.179353998574512	-0.079270846131217	inconclusive_or_no_evidence_in_either_source	inconclusive_or_no_evidence_in_either_source	No FDR heterogeneity	30
hba1c_european	tier1_007_obesity_due_to_excess_calories	0.241493533278512	0.00791659423959909	inconclusive_or_no_evidence_in_either_source	inconclusive_or_no_evidence_in_either_source	No FDR heterogeneity	30
hba1c_european	tier1_008_varicose_veins	0.227170125073575	0.199494851162707	asymmetric_support_without_demonstrated_heterogeneity	asymmetric_support_without_demonstrated_heterogeneity	No FDR heterogeneity	31
hba1c_european	tier1_009_conduction_disorders	-0.113254192037704	-0.105280330432559	inconclusive_or_no_evidence_in_either_source	inconclusive_or_no_evidence_in_either_source	No FDR heterogeneity	27
hba1c_european	tier1_010_heart_failure_strict	-0.431737808220747	-0.431184152910962	inconclusive_or_no_evidence_in_either_source	inconclusive_or_no_evidence_in_either_source	No FDR heterogeneity	27
hba1c_european	tier1_011_heart_failure_and_coronary_heart_disease	-0.248590264462633	-0.209896841022387	inconclusive_or_no_evidence_in_either_source	inconclusive_or_no_evidence_in_either_source	No FDR heterogeneity	27
hba1c_european	tier1_012_hypotension	0.079757238496644	-0.117239157974152	inconclusive_or_no_evidence_in_either_source	inconclusive_or_no_evidence_in_either_source	No FDR heterogeneity	27
hba1c_european	tier1_013_unstable_angina_pectoris	-0.103031856633972	-0.148991276906998	asymmetric_support_without_demonstrated_heterogeneity	inconclusive_or_no_evidence_in_either_source	No FDR heterogeneity	27
hba1c_european	tier1_014_hernia	-1.2303092254687	-1.2525438018911	evidence_of_source_heterogeneity	evidence_of_source_heterogeneity	Retained heterogeneity	32
hba1c_european	tier1_015_diverticular_disease_of_intestine	0.099208805716641	0.0622973334295854	inconclusive_or_no_evidence_in_either_source	inconclusive_or_no_evidence_in_either_source	No FDR heterogeneity	33
hba1c_european	tier1_016_hernia_of_abdominal_wall	2.05588064404243	-0.0195714673505702	evidence_of_source_heterogeneity	inconclusive_or_no_evidence_in_either_source	Lost after common SNPs	33
hba1c_european	tier1_017_inguinal_hernia	0.04282645979615	-0.0181673341818817	inconclusive_or_no_evidence_in_either_source	inconclusive_or_no_evidence_in_either_source	No FDR heterogeneity	30
hba1c_european	tier1_018_cholelithiasis	0.0691306500919356	0.0214802832409656	inconclusive_or_no_evidence_in_either_source	inconclusive_or_no_evidence_in_either_source	No FDR heterogeneity	32
hba1c_european	tier1_019_diaphragmatic_hernia	-0.0932213338087385	-0.0791483309692491	inconclusive_or_no_evidence_in_either_source	inconclusive_or_no_evidence_in_either_source	No FDR heterogeneity	33
hba1c_european	tier1_020_obesity_related_asthma	0.0076312874084807	-0.025687221758037	inconclusive_or_no_evidence_in_either_source	inconclusive_or_no_evidence_in_either_source	No FDR heterogeneity	30
hba1c_european	tier1_021_influenza_and_pneumonia	-0.0228387516694558	-0.0135057643128773	inconclusive_or_no_evidence_in_either_source	inconclusive_or_no_evidence_in_either_source	No FDR heterogeneity	30
hba1c_european	tier1_022_asthma_related_pneumonia	-0.201528096919594	-0.193524397839505	inconclusive_or_no_evidence_in_either_source	inconclusive_or_no_evidence_in_either_source	No FDR heterogeneity	29
hba1c_european	tier1_023_constipation	1.45749359513461	1.77070665047863	evidence_of_source_heterogeneity	evidence_of_source_heterogeneity	Retained heterogeneity	30
hba1c_european	tier1_024_other_gastritis_incl_duodenitis	-0.055618067021707	-0.0766283382328506	inconclusive_or_no_evidence_in_either_source	inconclusive_or_no_evidence_in_either_source	No FDR heterogeneity	33
hba1c_european	tier1_025_hernia_of_abdominal_wall_postoperative	-0.168664700972815	-0.210213855932459	inconclusive_or_no_evidence_in_either_source	inconclusive_or_no_evidence_in_either_source	No FDR heterogeneity	33
hba1c_european	tier1_026_irritable_bowel_syndrome	0.0921859826223347	-0.10114168418085	inconclusive_or_no_evidence_in_either_source	inconclusive_or_no_evidence_in_either_source	No FDR heterogeneity	27
hba1c_european	tier1_027_pleural_effusion	-0.068066359288335	0.0947194885532656	inconclusive_or_no_evidence_in_either_source	inconclusive_or_no_evidence_in_either_source	No FDR heterogeneity	27
hba1c_european	tier1_028_gastric_ulcer	-0.207781455041836	-0.395994868288296	inconclusive_or_no_evidence_in_either_source	inconclusive_or_no_evidence_in_either_source	No FDR heterogeneity	27
hba1c_european	tier1_029_noninflammatory_disorders_of_female_genital_tract	0.107675944691798	0.116655434052396	inconclusive_or_no_evidence_in_either_source	inconclusive_or_no_evidence_in_either_source	No FDR heterogeneity	33
hba1c_european	tier1_030_hyperplasia_of_prostate	0.215170470157433	0.29711667082348	inconclusive_or_no_evidence_in_either_source	inconclusive_or_no_evidence_in_either_source	No FDR heterogeneity	27
hba1c_european	tier1_031_renal_failure	0.244897093716272	0.158165673929729	inconclusive_or_no_evidence_in_either_source	inconclusive_or_no_evidence_in_either_source	No FDR heterogeneity	27
hba1c_european	tier1_032_polyp_of_the_female_genital_tract	0.172408596907078	0.116527827414691	inconclusive_or_no_evidence_in_either_source	inconclusive_or_no_evidence_in_either_source	No FDR heterogeneity	30
hba1c_european	tier1_033_postmenopausal_bleeding	-0.195755702675635	-0.202552468705605	inconclusive_or_no_evidence_in_either_source	inconclusive_or_no_evidence_in_either_source	No FDR heterogeneity	30
hba1c_european	tier1_034_acute_renal_failure	0.292908470124248	0.221305310918827	inconclusive_or_no_evidence_in_either_source	inconclusive_or_no_evidence_in_either_source	No FDR heterogeneity	28
hba1c_european	tier1_035_inflammatory_diseases_of_female_pelvic_organs	-0.136200700285828	-0.166067770410162	inconclusive_or_no_evidence_in_either_source	inconclusive_or_no_evidence_in_either_source	No FDR heterogeneity	30
hba1c_european	tier1_036_ovarian_cyst	0.094924278498134	0.0511969415313106	inconclusive_or_no_evidence_in_either_source	inconclusive_or_no_evidence_in_either_source	No FDR heterogeneity	27
hba1c_european	tier1_037_low_back_pain	-0.24923275579334	-0.246204333961103	inconclusive_or_no_evidence_in_either_source	inconclusive_or_no_evidence_in_either_source	No FDR heterogeneity	33
hba1c_european	tier1_038_disorders_of_synovium_and_tendon	-0.213165139020289	-0.167414171299398	inconclusive_or_no_evidence_in_either_source	inconclusive_or_no_evidence_in_either_source	No FDR heterogeneity	30
hba1c_european	tier1_039_pain_in_joint	-0.467449643845102	-0.460849333712373	inconclusive_or_no_evidence_in_either_source	inconclusive_or_no_evidence_in_either_source	No FDR heterogeneity	28
hba1c_european	tier1_040_osteoporosis	0.233552962486849	0.0861461755943581	inconclusive_or_no_evidence_in_either_source	inconclusive_or_no_evidence_in_either_source	No FDR heterogeneity	27
hba1c_european	tier1_041_pain_in_limb	0.0076646937008439	0.0111555362238076	inconclusive_or_no_evidence_in_either_source	inconclusive_or_no_evidence_in_either_source	No FDR heterogeneity	27
hba1c_european	tier1_042_polyarthropathies	1.38236952926623	-0.288822662172601	evidence_of_source_heterogeneity	inconclusive_or_no_evidence_in_either_source	Lost after common SNPs	30
hba1c_european	tier1_043_rheumatoid_arthritis	-0.214042657567907	-0.247619984244383	inconclusive_or_no_evidence_in_either_source	inconclusive_or_no_evidence_in_either_source	No FDR heterogeneity	27
hba1c_european	tier1_044_spinal_stenosis	0.019292767370265	-0.0217522011038905	inconclusive_or_no_evidence_in_either_source	inconclusive_or_no_evidence_in_either_source	No FDR heterogeneity	27
hba1c_european	tier1_045_sleep_disorders_combined	0.0272371357474241	-0.047154794131085	inconclusive_or_no_evidence_in_either_source	inconclusive_or_no_evidence_in_either_source	No FDR heterogeneity	32
hba1c_european	tier1_046_sleep_apnoea	-1.99098629917247	-1.82263793992472	evidence_of_source_heterogeneity	evidence_of_source_heterogeneity	Retained heterogeneity	30
hba1c_european	tier1_047_cardiac_arrhythmias	0.047154386896174	0.04992154981944	concordant_cross_source_support	concordant_cross_source_support	No FDR heterogeneity	32
hba1c_european	tier1_048_pain_limb_back_neck_head_abdominally	-0.216923613107757	-0.212124832090681	inconclusive_or_no_evidence_in_either_source	inconclusive_or_no_evidence_in_either_source	No FDR heterogeneity	33
hba1c_european	tier1_049_iron_deficiency_anaemia	-0.41520837972321	-0.543977308223431	concordant_cross_source_support	asymmetric_support_without_demonstrated_heterogeneity	No FDR heterogeneity	30
hba1c_european	tier1_050_retention_of_urine	-0.0317767766650967	0.0425360006505633	inconclusive_or_no_evidence_in_either_source	inconclusive_or_no_evidence_in_either_source	No FDR heterogeneity	28
hba1c_european	tier1_051_senile_cataract	-0.077992129750002	-0.00748275601955611	inconclusive_or_no_evidence_in_either_source	inconclusive_or_no_evidence_in_either_source	No FDR heterogeneity	30
hba1c_european	tier1_052_other_disorders_of_eyelid	-0.299367370213106	-0.311757648209684	inconclusive_or_no_evidence_in_either_source	inconclusive_or_no_evidence_in_either_source	No FDR heterogeneity	27
hba1c_european	tier1_053_glaucoma	-0.292489816844493	-0.426293450489377	inconclusive_or_no_evidence_in_either_source	inconclusive_or_no_evidence_in_either_source	No FDR heterogeneity	28
hdl_glgc_eur_without_ukb	tier1_001_hypertension	-0.058226505301675	0.0725455469698058	asymmetric_support_without_demonstrated_heterogeneity	asymmetric_support_without_demonstrated_heterogeneity	No FDR heterogeneity	20
hdl_glgc_eur_without_ukb	tier1_002_hypertension_essential	-0.027696345485636	0.104634056866733	asymmetric_support_without_demonstrated_heterogeneity	asymmetric_support_without_demonstrated_heterogeneity	No FDR heterogeneity	20
hdl_glgc_eur_without_ukb	tier1_003_ischaemic_heart_disease_wide_definition	0.114760126666606	0.218676999587078	concordant_cross_source_support	concordant_cross_source_support	No FDR heterogeneity	20
hdl_glgc_eur_without_ukb	tier1_004_angina_pectoris	0.227008515941849	0.366738996719001	concordant_cross_source_support	concordant_cross_source_support	No FDR heterogeneity	19
hdl_glgc_eur_without_ukb	tier1_005_atrial_fibrillation_and_flutter	-0.111479180713465	0.0754868123421236	inconclusive_or_no_evidence_in_either_source	inconclusive_or_no_evidence_in_either_source	No FDR heterogeneity	18
hdl_glgc_eur_without_ukb	tier1_006_obesity	-0.363510574534748	-0.205784977034236	inconclusive_or_no_evidence_in_either_source	inconclusive_or_no_evidence_in_either_source	No FDR heterogeneity	19
hdl_glgc_eur_without_ukb	tier1_007_obesity_due_to_excess_calories	-0.404275548540636	-0.266767080403496	inconclusive_or_no_evidence_in_either_source	inconclusive_or_no_evidence_in_either_source	No FDR heterogeneity	19
hdl_glgc_eur_without_ukb	tier1_008_varicose_veins	-0.146514062972022	-0.198427369472624	inconclusive_or_no_evidence_in_either_source	inconclusive_or_no_evidence_in_either_source	No FDR heterogeneity	19
hdl_glgc_eur_without_ukb	tier1_009_conduction_disorders	0.495034149512092	0.783502361050174	inconclusive_or_no_evidence_in_either_source	evidence_of_source_heterogeneity	New common-SNP heterogeneity	18
hdl_glgc_eur_without_ukb	tier1_010_heart_failure_strict	0.407642258628004	0.639258159699732	inconclusive_or_no_evidence_in_either_source	asymmetric_support_without_demonstrated_heterogeneity	No FDR heterogeneity	18
hdl_glgc_eur_without_ukb	tier1_011_heart_failure_and_coronary_heart_disease	0.241298819185524	0.460034585754087	inconclusive_or_no_evidence_in_either_source	inconclusive_or_no_evidence_in_either_source	No FDR heterogeneity	18
hdl_glgc_eur_without_ukb	tier1_012_hypotension	0.228675944456612	0.257641577151094	asymmetric_support_without_demonstrated_heterogeneity	inconclusive_or_no_evidence_in_either_source	No FDR heterogeneity	18
hdl_glgc_eur_without_ukb	tier1_013_unstable_angina_pectoris	0.405268990668993	0.62874488516304	asymmetric_support_without_demonstrated_heterogeneity	asymmetric_support_without_demonstrated_heterogeneity	No FDR heterogeneity	18
hdl_glgc_eur_without_ukb	tier1_014_hernia	-0.0718376769926722	-0.0862271060668424	inconclusive_or_no_evidence_in_either_source	inconclusive_or_no_evidence_in_either_source	No FDR heterogeneity	20
hdl_glgc_eur_without_ukb	tier1_015_diverticular_disease_of_intestine	0.026573018821883	0.0520817547289819	inconclusive_or_no_evidence_in_either_source	inconclusive_or_no_evidence_in_either_source	No FDR heterogeneity	19
hdl_glgc_eur_without_ukb	tier1_016_hernia_of_abdominal_wall	0.023656587196457	0.0554439241545207	inconclusive_or_no_evidence_in_either_source	inconclusive_or_no_evidence_in_either_source	No FDR heterogeneity	20
hdl_glgc_eur_without_ukb	tier1_017_inguinal_hernia	0.0186245605560984	-0.0536880858923204	inconclusive_or_no_evidence_in_either_source	inconclusive_or_no_evidence_in_either_source	No FDR heterogeneity	19
hdl_glgc_eur_without_ukb	tier1_018_cholelithiasis	-0.286041933082872	-0.0899251782852018	inconclusive_or_no_evidence_in_either_source	inconclusive_or_no_evidence_in_either_source	No FDR heterogeneity	19
hdl_glgc_eur_without_ukb	tier1_019_diaphragmatic_hernia	0.014774487247345	0.0474667233903797	inconclusive_or_no_evidence_in_either_source	inconclusive_or_no_evidence_in_either_source	No FDR heterogeneity	20
hdl_glgc_eur_without_ukb	tier1_020_obesity_related_asthma	0.0232186676606772	0.0886004737770932	inconclusive_or_no_evidence_in_either_source	inconclusive_or_no_evidence_in_either_source	No FDR heterogeneity	19
hdl_glgc_eur_without_ukb	tier1_021_influenza_and_pneumonia	0.0848327339004318	0.0710480020358861	asymmetric_support_without_demonstrated_heterogeneity	asymmetric_support_without_demonstrated_heterogeneity	No FDR heterogeneity	19
hdl_glgc_eur_without_ukb	tier1_022_asthma_related_pneumonia	0.0752002756005028	0.107082158667618	inconclusive_or_no_evidence_in_either_source	inconclusive_or_no_evidence_in_either_source	No FDR heterogeneity	19
hdl_glgc_eur_without_ukb	tier1_023_constipation	-0.1847170283165	-0.270727553332398	asymmetric_support_without_demonstrated_heterogeneity	asymmetric_support_without_demonstrated_heterogeneity	No FDR heterogeneity	19
hdl_glgc_eur_without_ukb	tier1_024_other_gastritis_incl_duodenitis	-0.175502312261433	-0.211782759728145	inconclusive_or_no_evidence_in_either_source	inconclusive_or_no_evidence_in_either_source	No FDR heterogeneity	20
hdl_glgc_eur_without_ukb	tier1_025_hernia_of_abdominal_wall_postoperative	0.0950259476398984	0.139859923910744	inconclusive_or_no_evidence_in_either_source	inconclusive_or_no_evidence_in_either_source	No FDR heterogeneity	20
hdl_glgc_eur_without_ukb	tier1_026_irritable_bowel_syndrome	-0.201676442328194	-0.161906983684615	inconclusive_or_no_evidence_in_either_source	inconclusive_or_no_evidence_in_either_source	No FDR heterogeneity	18
hdl_glgc_eur_without_ukb	tier1_027_pleural_effusion	0.049049886410239	0.21244970283316	inconclusive_or_no_evidence_in_either_source	inconclusive_or_no_evidence_in_either_source	No FDR heterogeneity	18
hdl_glgc_eur_without_ukb	tier1_028_gastric_ulcer	0.367173275252213	0.484143572576583	asymmetric_support_without_demonstrated_heterogeneity	asymmetric_support_without_demonstrated_heterogeneity	No FDR heterogeneity	18
hdl_glgc_eur_without_ukb	tier1_029_noninflammatory_disorders_of_female_genital_tract	0.0498755511810423	0.0805492146093555	inconclusive_or_no_evidence_in_either_source	inconclusive_or_no_evidence_in_either_source	No FDR heterogeneity	20
hdl_glgc_eur_without_ukb	tier1_030_hyperplasia_of_prostate	-0.129496281316612	-0.207488410940487	inconclusive_or_no_evidence_in_either_source	inconclusive_or_no_evidence_in_either_source	No FDR heterogeneity	18
hdl_glgc_eur_without_ukb	tier1_031_renal_failure	0.23317788893381	0.337718434864863	asymmetric_support_without_demonstrated_heterogeneity	inconclusive_or_no_evidence_in_either_source	No FDR heterogeneity	18
hdl_glgc_eur_without_ukb	tier1_032_polyp_of_the_female_genital_tract	-0.164089585289621	-0.218968117679416	inconclusive_or_no_evidence_in_either_source	inconclusive_or_no_evidence_in_either_source	No FDR heterogeneity	19
hdl_glgc_eur_without_ukb	tier1_033_postmenopausal_bleeding	0.0816039133489061	0.161900934288284	inconclusive_or_no_evidence_in_either_source	inconclusive_or_no_evidence_in_either_source	No FDR heterogeneity	18
hdl_glgc_eur_without_ukb	tier1_034_acute_renal_failure	0.33908467905573	0.422781806968543	asymmetric_support_without_demonstrated_heterogeneity	inconclusive_or_no_evidence_in_either_source	No FDR heterogeneity	18
hdl_glgc_eur_without_ukb	tier1_035_inflammatory_diseases_of_female_pelvic_organs	0.0228314746533839	-0.0143380491075221	inconclusive_or_no_evidence_in_either_source	inconclusive_or_no_evidence_in_either_source	No FDR heterogeneity	16
hdl_glgc_eur_without_ukb	tier1_036_ovarian_cyst	0.0939115028251089	0.100759190262655	inconclusive_or_no_evidence_in_either_source	inconclusive_or_no_evidence_in_either_source	No FDR heterogeneity	18
hdl_glgc_eur_without_ukb	tier1_037_low_back_pain	-0.199090318934276	-0.106328945391015	asymmetric_support_without_demonstrated_heterogeneity	asymmetric_support_without_demonstrated_heterogeneity	No FDR heterogeneity	20
hdl_glgc_eur_without_ukb	tier1_038_disorders_of_synovium_and_tendon	0.0373763088264267	0.144091859451894	inconclusive_or_no_evidence_in_either_source	inconclusive_or_no_evidence_in_either_source	No FDR heterogeneity	19
hdl_glgc_eur_without_ukb	tier1_039_pain_in_joint	0.223373858002391	0.309232207372593	inconclusive_or_no_evidence_in_either_source	inconclusive_or_no_evidence_in_either_source	No FDR heterogeneity	18
hdl_glgc_eur_without_ukb	tier1_040_osteoporosis	0.547413368119202	0.494000222950671	asymmetric_support_without_demonstrated_heterogeneity	inconclusive_or_no_evidence_in_either_source	No FDR heterogeneity	18
hdl_glgc_eur_without_ukb	tier1_041_pain_in_limb	-0.017876017479648	0.0524844880586325	inconclusive_or_no_evidence_in_either_source	asymmetric_support_without_demonstrated_heterogeneity	No FDR heterogeneity	18
hdl_glgc_eur_without_ukb	tier1_042_polyarthropathies	-0.116802014256637	-0.129096820706645	inconclusive_or_no_evidence_in_either_source	concordant_cross_source_support	No FDR heterogeneity	19
hdl_glgc_eur_without_ukb	tier1_043_rheumatoid_arthritis	-0.014183657366848	-0.0566840802499632	inconclusive_or_no_evidence_in_either_source	inconclusive_or_no_evidence_in_either_source	No FDR heterogeneity	18
hdl_glgc_eur_without_ukb	tier1_044_spinal_stenosis	-0.321219270715853	-0.187360598254149	asymmetric_support_without_demonstrated_heterogeneity	inconclusive_or_no_evidence_in_either_source	No FDR heterogeneity	18
hdl_glgc_eur_without_ukb	tier1_045_sleep_disorders_combined	-0.307205392350168	-0.13787737750733	inconclusive_or_no_evidence_in_either_source	inconclusive_or_no_evidence_in_either_source	No FDR heterogeneity	19
hdl_glgc_eur_without_ukb	tier1_046_sleep_apnoea	-0.351122244040509	-0.13926911300104	inconclusive_or_no_evidence_in_either_source	inconclusive_or_no_evidence_in_either_source	No FDR heterogeneity	19
hdl_glgc_eur_without_ukb	tier1_047_cardiac_arrhythmias	0.073422418838835	0.21868588142587	asymmetric_support_without_demonstrated_heterogeneity	asymmetric_support_without_demonstrated_heterogeneity	No FDR heterogeneity	19
hdl_glgc_eur_without_ukb	tier1_048_pain_limb_back_neck_head_abdominally	-0.205744165342887	-0.13238066178111	asymmetric_support_without_demonstrated_heterogeneity	asymmetric_support_without_demonstrated_heterogeneity	No FDR heterogeneity	20
hdl_glgc_eur_without_ukb	tier1_049_iron_deficiency_anaemia	0.0706312267411069	0.205831803411314	inconclusive_or_no_evidence_in_either_source	inconclusive_or_no_evidence_in_either_source	No FDR heterogeneity	19
hdl_glgc_eur_without_ukb	tier1_050_retention_of_urine	0.191201133568071	0.0942686550106667	inconclusive_or_no_evidence_in_either_source	inconclusive_or_no_evidence_in_either_source	No FDR heterogeneity	18
hdl_glgc_eur_without_ukb	tier1_051_senile_cataract	0.264526487616916	0.357880985702543	asymmetric_support_without_demonstrated_heterogeneity	asymmetric_support_without_demonstrated_heterogeneity	No FDR heterogeneity	19
hdl_glgc_eur_without_ukb	tier1_052_other_disorders_of_eyelid	0.275817410178517	0.273347602381146	asymmetric_support_without_demonstrated_heterogeneity	asymmetric_support_without_demonstrated_heterogeneity	No FDR heterogeneity	18
hdl_glgc_eur_without_ukb	tier1_053_glaucoma	0.153824814954211	0.0263559928718441	asymmetric_support_without_demonstrated_heterogeneity	concordant_cross_source_support	No FDR heterogeneity	18
height_giant_eur	tier1_001_hypertension	0.0071711294818235	-0.000128663966092055	concordant_cross_source_support	concordant_cross_source_support	No FDR heterogeneity	194
height_giant_eur	tier1_002_hypertension_essential	0.0090007271474664	0.000683657499246079	concordant_cross_source_support	concordant_cross_source_support	No FDR heterogeneity	194
height_giant_eur	tier1_003_ischaemic_heart_disease_wide_definition	0.0518440693168999	0.0493445072519771	evidence_of_practical_equivalence	evidence_of_practical_equivalence	No FDR heterogeneity	193
height_giant_eur	tier1_004_angina_pectoris	0.069302206467229	0.0731438939974346	evidence_of_practical_equivalence	evidence_of_practical_equivalence	No FDR heterogeneity	186
height_giant_eur	tier1_005_atrial_fibrillation_and_flutter	-0.042203064580632	-0.0752501164551583	concordant_cross_source_support	concordant_cross_source_support	No FDR heterogeneity	170
height_giant_eur	tier1_006_obesity	-0.0176641901666449	-0.0327024154979369	evidence_of_practical_equivalence	evidence_of_practical_equivalence	No FDR heterogeneity	179
height_giant_eur	tier1_007_obesity_due_to_excess_calories	-0.0101245400531423	-0.0248482469876309	evidence_of_practical_equivalence	evidence_of_practical_equivalence	No FDR heterogeneity	179
height_giant_eur	tier1_008_varicose_veins	-0.036579331616815	-0.0142847997337492	concordant_cross_source_support	concordant_cross_source_support	No FDR heterogeneity	181
height_giant_eur	tier1_009_conduction_disorders	-0.069374031692386	-0.0608763156108806	concordant_cross_source_support	concordant_cross_source_support	No FDR heterogeneity	170
height_giant_eur	tier1_010_heart_failure_strict	-0.0494067402132489	-0.070691280671156	concordant_cross_source_support	concordant_cross_source_support	No FDR heterogeneity	170
height_giant_eur	tier1_011_heart_failure_and_coronary_heart_disease	-0.154803046807844	-0.176304127530018	asymmetric_support_without_demonstrated_heterogeneity	asymmetric_support_without_demonstrated_heterogeneity	No FDR heterogeneity	170
height_giant_eur	tier1_012_hypotension	-0.026130084613541	-0.0541600602478176	concordant_cross_source_support	concordant_cross_source_support	No FDR heterogeneity	170
height_giant_eur	tier1_013_unstable_angina_pectoris	0.130163674354675	0.137542665174558	asymmetric_support_without_demonstrated_heterogeneity	asymmetric_support_without_demonstrated_heterogeneity	No FDR heterogeneity	170
height_giant_eur	tier1_014_hernia	0.0658575684020613	0.0718618190986461	evidence_of_practical_equivalence	evidence_of_practical_equivalence	No FDR heterogeneity	190
height_giant_eur	tier1_015_diverticular_disease_of_intestine	-0.113702390545425	-0.113587793128414	asymmetric_support_without_demonstrated_heterogeneity	asymmetric_support_without_demonstrated_heterogeneity	No FDR heterogeneity	186
height_giant_eur	tier1_016_hernia_of_abdominal_wall	0.0098497169204805	0.0278016080664524	evidence_of_practical_equivalence	evidence_of_practical_equivalence	No FDR heterogeneity	189
height_giant_eur	tier1_017_inguinal_hernia	-0.0026586929246107	-0.00161937584005682	evidence_of_practical_equivalence	evidence_of_practical_equivalence	No FDR heterogeneity	178
height_giant_eur	tier1_018_cholelithiasis	0.00264169621432273	0.00649577616023143	evidence_of_practical_equivalence	evidence_of_practical_equivalence	No FDR heterogeneity	186
height_giant_eur	tier1_019_diaphragmatic_hernia	0.0789172351875128	0.0746406943643769	evidence_of_practical_equivalence	evidence_of_practical_equivalence	No FDR heterogeneity	192
height_giant_eur	tier1_020_obesity_related_asthma	-0.048893582947159	-0.031196211376669	evidence_of_practical_equivalence	evidence_of_practical_equivalence	No FDR heterogeneity	175
height_giant_eur	tier1_021_influenza_and_pneumonia	-0.0217055855339056	-0.0231908727498171	concordant_cross_source_support	concordant_cross_source_support	No FDR heterogeneity	178
height_giant_eur	tier1_022_asthma_related_pneumonia	-0.0834052116646723	-0.0694212276463348	asymmetric_support_without_demonstrated_heterogeneity	evidence_of_practical_equivalence	No FDR heterogeneity	178
height_giant_eur	tier1_023_constipation	-0.0077372709046153	-0.00734135077163886	evidence_of_practical_equivalence	evidence_of_practical_equivalence	No FDR heterogeneity	178
height_giant_eur	tier1_024_other_gastritis_incl_duodenitis	0.0351495397354431	0.0275463322377433	evidence_of_practical_equivalence	evidence_of_practical_equivalence	No FDR heterogeneity	190
height_giant_eur	tier1_025_hernia_of_abdominal_wall_postoperative	0.0343570554381576	0.051399953270782	evidence_of_practical_equivalence	evidence_of_practical_equivalence	No FDR heterogeneity	190
height_giant_eur	tier1_026_irritable_bowel_syndrome	0.110016570827041	0.0931290875900063	asymmetric_support_without_demonstrated_heterogeneity	asymmetric_support_without_demonstrated_heterogeneity	No FDR heterogeneity	170
height_giant_eur	tier1_027_pleural_effusion	-0.125735965745724	-0.113465719487894	asymmetric_support_without_demonstrated_heterogeneity	asymmetric_support_without_demonstrated_heterogeneity	No FDR heterogeneity	170
height_giant_eur	tier1_028_gastric_ulcer	0.00437545610409372	-0.0430206407546843	evidence_of_practical_equivalence	inconclusive_or_no_evidence_in_either_source	No FDR heterogeneity	170
height_giant_eur	tier1_029_noninflammatory_disorders_of_female_genital_tract	0.0315960219400886	0.0267684687881221	evidence_of_practical_equivalence	evidence_of_practical_equivalence	No FDR heterogeneity	190
height_giant_eur	tier1_030_hyperplasia_of_prostate	0.011710447283718	0.0103603012721628	evidence_of_practical_equivalence	evidence_of_practical_equivalence	No FDR heterogeneity	169
height_giant_eur	tier1_031_renal_failure	-0.0962121388319539	-0.101399701567423	inconclusive_or_no_evidence_in_either_source	inconclusive_or_no_evidence_in_either_source	No FDR heterogeneity	170
height_giant_eur	tier1_032_polyp_of_the_female_genital_tract	0.0284928536154029	0.0144614785681205	evidence_of_practical_equivalence	evidence_of_practical_equivalence	No FDR heterogeneity	177
height_giant_eur	tier1_033_postmenopausal_bleeding	0.0040592329469472	-0.0262528280409001	evidence_of_practical_equivalence	evidence_of_practical_equivalence	No FDR heterogeneity	176
height_giant_eur	tier1_034_acute_renal_failure	-0.0862274043274823	-0.11568343294125	inconclusive_or_no_evidence_in_either_source	inconclusive_or_no_evidence_in_either_source	No FDR heterogeneity	170
height_giant_eur	tier1_035_inflammatory_diseases_of_female_pelvic_organs	-0.0571230963626556	-0.0475980932682015	evidence_of_practical_equivalence	evidence_of_practical_equivalence	No FDR heterogeneity	166
height_giant_eur	tier1_036_ovarian_cyst	0.0060722189583112	-0.00142989051569251	evidence_of_practical_equivalence	evidence_of_practical_equivalence	No FDR heterogeneity	170
height_giant_eur	tier1_037_low_back_pain	0.0468565000433027	0.0385117554677293	evidence_of_practical_equivalence	evidence_of_practical_equivalence	No FDR heterogeneity	190
height_giant_eur	tier1_038_disorders_of_synovium_and_tendon	0.0312913019306218	0.0140230061444203	evidence_of_practical_equivalence	evidence_of_practical_equivalence	No FDR heterogeneity	177
height_giant_eur	tier1_039_pain_in_joint	0.0193900212574253	0.0106364479328604	evidence_of_practical_equivalence	evidence_of_practical_equivalence	No FDR heterogeneity	170
height_giant_eur	tier1_040_osteoporosis	0.0761770114899611	0.108529480559324	inconclusive_or_no_evidence_in_either_source	inconclusive_or_no_evidence_in_either_source	No FDR heterogeneity	170
height_giant_eur	tier1_041_pain_in_limb	0.0101481736121162	0.0147342265705796	evidence_of_practical_equivalence	evidence_of_practical_equivalence	No FDR heterogeneity	170
height_giant_eur	tier1_042_polyarthropathies	0.0613527825348871	0.0493219616254606	evidence_of_practical_equivalence	evidence_of_practical_equivalence	No FDR heterogeneity	179
height_giant_eur	tier1_043_rheumatoid_arthritis	0.064008456934545	0.053301310090359	asymmetric_support_without_demonstrated_heterogeneity	asymmetric_support_without_demonstrated_heterogeneity	No FDR heterogeneity	170
height_giant_eur	tier1_044_spinal_stenosis	-0.0195552473926231	-0.037751772353982	evidence_of_practical_equivalence	inconclusive_or_no_evidence_in_either_source	No FDR heterogeneity	170
height_giant_eur	tier1_045_sleep_disorders_combined	0.0709267313508594	0.055794809992177	evidence_of_practical_equivalence	evidence_of_practical_equivalence	No FDR heterogeneity	187
height_giant_eur	tier1_046_sleep_apnoea	0.107905898207709	0.0826387170713571	asymmetric_support_without_demonstrated_heterogeneity	concordant_cross_source_support	No FDR heterogeneity	179
height_giant_eur	tier1_047_cardiac_arrhythmias	-0.063331101821482	-0.0620959692716528	concordant_cross_source_support	concordant_cross_source_support	No FDR heterogeneity	186
height_giant_eur	tier1_048_pain_limb_back_neck_head_abdominally	0.0139922871796657	0.0144637975380113	evidence_of_practical_equivalence	evidence_of_practical_equivalence	No FDR heterogeneity	190
height_giant_eur	tier1_049_iron_deficiency_anaemia	0.142318295959515	0.141346497811347	asymmetric_support_without_demonstrated_heterogeneity	asymmetric_support_without_demonstrated_heterogeneity	No FDR heterogeneity	179
height_giant_eur	tier1_050_retention_of_urine	0.0384792612020114	0.0305745878905853	evidence_of_practical_equivalence	evidence_of_practical_equivalence	No FDR heterogeneity	170
height_giant_eur	tier1_051_senile_cataract	-0.078285929013789	-0.0762692363484062	evidence_of_practical_equivalence	evidence_of_practical_equivalence	No FDR heterogeneity	178
height_giant_eur	tier1_052_other_disorders_of_eyelid	-0.0848670742566991	-0.0931075811099991	inconclusive_or_no_evidence_in_either_source	inconclusive_or_no_evidence_in_either_source	No FDR heterogeneity	170
height_giant_eur	tier1_053_glaucoma	-0.0913896520780438	-0.0766848467060291	inconclusive_or_no_evidence_in_either_source	inconclusive_or_no_evidence_in_either_source	No FDR heterogeneity	170
ldl_glgc_eur_without_ukb	tier1_001_hypertension	0.099798880876477	0.0936847690953644	asymmetric_support_without_demonstrated_heterogeneity	asymmetric_support_without_demonstrated_heterogeneity	No FDR heterogeneity	22
ldl_glgc_eur_without_ukb	tier1_002_hypertension_essential	0.078733521217324	0.0723630119429484	inconclusive_or_no_evidence_in_either_source	inconclusive_or_no_evidence_in_either_source	No FDR heterogeneity	22
ldl_glgc_eur_without_ukb	tier1_003_ischaemic_heart_disease_wide_definition	-0.0916283048404161	-0.102356689565877	concordant_cross_source_support	concordant_cross_source_support	No FDR heterogeneity	22
ldl_glgc_eur_without_ukb	tier1_004_angina_pectoris	0.064011771248682	0.0234709637377669	concordant_cross_source_support	concordant_cross_source_support	No FDR heterogeneity	20
ldl_glgc_eur_without_ukb	tier1_005_atrial_fibrillation_and_flutter	0.050136329082483	-0.0207471533776847	inconclusive_or_no_evidence_in_either_source	inconclusive_or_no_evidence_in_either_source	No FDR heterogeneity	18
ldl_glgc_eur_without_ukb	tier1_006_obesity	0.328196278970526	0.322597557242644	inconclusive_or_no_evidence_in_either_source	inconclusive_or_no_evidence_in_either_source	No FDR heterogeneity	20
ldl_glgc_eur_without_ukb	tier1_007_obesity_due_to_excess_calories	0.140403629424404	0.138277127581497	inconclusive_or_no_evidence_in_either_source	inconclusive_or_no_evidence_in_either_source	No FDR heterogeneity	20
ldl_glgc_eur_without_ukb	tier1_008_varicose_veins	-0.370341794253722	-0.424616572221051	inconclusive_or_no_evidence_in_either_source	inconclusive_or_no_evidence_in_either_source	No FDR heterogeneity	20
ldl_glgc_eur_without_ukb	tier1_009_conduction_disorders	-0.035373882741393	-0.0958371843498015	inconclusive_or_no_evidence_in_either_source	inconclusive_or_no_evidence_in_either_source	No FDR heterogeneity	18
ldl_glgc_eur_without_ukb	tier1_010_heart_failure_strict	-0.50376218254943	-0.473624008219527	asymmetric_support_without_demonstrated_heterogeneity	asymmetric_support_without_demonstrated_heterogeneity	No FDR heterogeneity	18
ldl_glgc_eur_without_ukb	tier1_011_heart_failure_and_coronary_heart_disease	0.151006080902001	0.204081664921412	concordant_cross_source_support	concordant_cross_source_support	No FDR heterogeneity	18
ldl_glgc_eur_without_ukb	tier1_012_hypotension	-0.198450863241014	-0.197904124393623	inconclusive_or_no_evidence_in_either_source	inconclusive_or_no_evidence_in_either_source	No FDR heterogeneity	18
ldl_glgc_eur_without_ukb	tier1_013_unstable_angina_pectoris	0.196050691233566	0.226545953035025	concordant_cross_source_support	concordant_cross_source_support	No FDR heterogeneity	18
ldl_glgc_eur_without_ukb	tier1_014_hernia	0.0760333301990087	0.0402868396638653	inconclusive_or_no_evidence_in_either_source	inconclusive_or_no_evidence_in_either_source	No FDR heterogeneity	21
ldl_glgc_eur_without_ukb	tier1_015_diverticular_disease_of_intestine	-0.0662605650169194	-0.105418109606039	inconclusive_or_no_evidence_in_either_source	inconclusive_or_no_evidence_in_either_source	No FDR heterogeneity	20
ldl_glgc_eur_without_ukb	tier1_016_hernia_of_abdominal_wall	0.0830911389102447	0.0718134571362222	inconclusive_or_no_evidence_in_either_source	inconclusive_or_no_evidence_in_either_source	No FDR heterogeneity	21
ldl_glgc_eur_without_ukb	tier1_017_inguinal_hernia	0.325899876887696	0.245558826289705	inconclusive_or_no_evidence_in_either_source	asymmetric_support_without_demonstrated_heterogeneity	No FDR heterogeneity	20
ldl_glgc_eur_without_ukb	tier1_018_cholelithiasis	1.83177937127218	1.86161950751518	evidence_of_source_heterogeneity	evidence_of_source_heterogeneity	Retained heterogeneity	20
ldl_glgc_eur_without_ukb	tier1_019_diaphragmatic_hernia	0.0637369599922309	0.0875366591005159	inconclusive_or_no_evidence_in_either_source	inconclusive_or_no_evidence_in_either_source	No FDR heterogeneity	21
ldl_glgc_eur_without_ukb	tier1_020_obesity_related_asthma	0.521096130357299	0.483725719457645	asymmetric_support_without_demonstrated_heterogeneity	asymmetric_support_without_demonstrated_heterogeneity	No FDR heterogeneity	20
ldl_glgc_eur_without_ukb	tier1_021_influenza_and_pneumonia	-0.09712403967804	-0.125957835661905	inconclusive_or_no_evidence_in_either_source	inconclusive_or_no_evidence_in_either_source	No FDR heterogeneity	20
ldl_glgc_eur_without_ukb	tier1_022_asthma_related_pneumonia	-0.0973704353439831	-0.146712128782929	inconclusive_or_no_evidence_in_either_source	inconclusive_or_no_evidence_in_either_source	No FDR heterogeneity	20
ldl_glgc_eur_without_ukb	tier1_023_constipation	-0.159715311405126	-0.187799379917595	asymmetric_support_without_demonstrated_heterogeneity	asymmetric_support_without_demonstrated_heterogeneity	No FDR heterogeneity	20
ldl_glgc_eur_without_ukb	tier1_024_other_gastritis_incl_duodenitis	0.239042582103415	0.277709420804332	inconclusive_or_no_evidence_in_either_source	inconclusive_or_no_evidence_in_either_source	No FDR heterogeneity	21
ldl_glgc_eur_without_ukb	tier1_025_hernia_of_abdominal_wall_postoperative	0.0252033570101967	-0.0146851712555726	inconclusive_or_no_evidence_in_either_source	inconclusive_or_no_evidence_in_either_source	No FDR heterogeneity	21
ldl_glgc_eur_without_ukb	tier1_026_irritable_bowel_syndrome	0.607375760057477	0.64634959056453	inconclusive_or_no_evidence_in_either_source	asymmetric_support_without_demonstrated_heterogeneity	No FDR heterogeneity	18
ldl_glgc_eur_without_ukb	tier1_027_pleural_effusion	-0.0139214024746048	-0.0740685842567116	inconclusive_or_no_evidence_in_either_source	inconclusive_or_no_evidence_in_either_source	No FDR heterogeneity	18
ldl_glgc_eur_without_ukb	tier1_028_gastric_ulcer	-0.281490195626571	-0.26168569300127	inconclusive_or_no_evidence_in_either_source	inconclusive_or_no_evidence_in_either_source	No FDR heterogeneity	18
ldl_glgc_eur_without_ukb	tier1_029_noninflammatory_disorders_of_female_genital_tract	-0.286292672544344	-0.255915696787528	inconclusive_or_no_evidence_in_either_source	inconclusive_or_no_evidence_in_either_source	No FDR heterogeneity	21
ldl_glgc_eur_without_ukb	tier1_030_hyperplasia_of_prostate	0.0484208527927653	0.0635654522648108	inconclusive_or_no_evidence_in_either_source	inconclusive_or_no_evidence_in_either_source	No FDR heterogeneity	18
ldl_glgc_eur_without_ukb	tier1_031_renal_failure	-0.0484972257618497	-0.0225990749450262	inconclusive_or_no_evidence_in_either_source	inconclusive_or_no_evidence_in_either_source	No FDR heterogeneity	18
ldl_glgc_eur_without_ukb	tier1_032_polyp_of_the_female_genital_tract	-0.138037985615941	-0.116148530051967	inconclusive_or_no_evidence_in_either_source	inconclusive_or_no_evidence_in_either_source	No FDR heterogeneity	20
ldl_glgc_eur_without_ukb	tier1_033_postmenopausal_bleeding	-0.095976629725623	-0.128382985427735	asymmetric_support_without_demonstrated_heterogeneity	asymmetric_support_without_demonstrated_heterogeneity	No FDR heterogeneity	20
ldl_glgc_eur_without_ukb	tier1_034_acute_renal_failure	-0.775772394331798	-0.67540242171228	asymmetric_support_without_demonstrated_heterogeneity	asymmetric_support_without_demonstrated_heterogeneity	No FDR heterogeneity	18
ldl_glgc_eur_without_ukb	tier1_035_inflammatory_diseases_of_female_pelvic_organs	-0.220512382184438	-0.226144479417683	inconclusive_or_no_evidence_in_either_source	inconclusive_or_no_evidence_in_either_source	No FDR heterogeneity	20
ldl_glgc_eur_without_ukb	tier1_036_ovarian_cyst	-0.499661305067948	-0.445376891275908	inconclusive_or_no_evidence_in_either_source	inconclusive_or_no_evidence_in_either_source	No FDR heterogeneity	18
ldl_glgc_eur_without_ukb	tier1_037_low_back_pain	0.145042372394542	0.149293491554713	asymmetric_support_without_demonstrated_heterogeneity	asymmetric_support_without_demonstrated_heterogeneity	No FDR heterogeneity	21
ldl_glgc_eur_without_ukb	tier1_038_disorders_of_synovium_and_tendon	0.10066244031996	0.0805488975952704	inconclusive_or_no_evidence_in_either_source	inconclusive_or_no_evidence_in_either_source	No FDR heterogeneity	20
ldl_glgc_eur_without_ukb	tier1_039_pain_in_joint	0.141383478269298	0.215579278793773	inconclusive_or_no_evidence_in_either_source	inconclusive_or_no_evidence_in_either_source	No FDR heterogeneity	18
ldl_glgc_eur_without_ukb	tier1_040_osteoporosis	0.338824258716297	0.507708345373114	inconclusive_or_no_evidence_in_either_source	inconclusive_or_no_evidence_in_either_source	No FDR heterogeneity	18
ldl_glgc_eur_without_ukb	tier1_041_pain_in_limb	0.211977096410186	0.200328443312312	inconclusive_or_no_evidence_in_either_source	inconclusive_or_no_evidence_in_either_source	No FDR heterogeneity	18
ldl_glgc_eur_without_ukb	tier1_042_polyarthropathies	0.030630862051002	-0.0486584648101333	inconclusive_or_no_evidence_in_either_source	inconclusive_or_no_evidence_in_either_source	No FDR heterogeneity	20
ldl_glgc_eur_without_ukb	tier1_043_rheumatoid_arthritis	-0.225187966543172	-0.397320754622672	inconclusive_or_no_evidence_in_either_source	inconclusive_or_no_evidence_in_either_source	No FDR heterogeneity	18
ldl_glgc_eur_without_ukb	tier1_044_spinal_stenosis	0.00522370517453599	-0.050001193310837	inconclusive_or_no_evidence_in_either_source	inconclusive_or_no_evidence_in_either_source	No FDR heterogeneity	18
ldl_glgc_eur_without_ukb	tier1_045_sleep_disorders_combined	0.560602911198495	0.569765749461438	inconclusive_or_no_evidence_in_either_source	inconclusive_or_no_evidence_in_either_source	No FDR heterogeneity	21
ldl_glgc_eur_without_ukb	tier1_046_sleep_apnoea	0.480655400725449	0.48409649685809	inconclusive_or_no_evidence_in_either_source	inconclusive_or_no_evidence_in_either_source	No FDR heterogeneity	20
ldl_glgc_eur_without_ukb	tier1_047_cardiac_arrhythmias	-0.00563731716844301	-0.0134379351588352	inconclusive_or_no_evidence_in_either_source	inconclusive_or_no_evidence_in_either_source	No FDR heterogeneity	20
ldl_glgc_eur_without_ukb	tier1_048_pain_limb_back_neck_head_abdominally	0.0278653926438211	0.0488287806571674	asymmetric_support_without_demonstrated_heterogeneity	asymmetric_support_without_demonstrated_heterogeneity	No FDR heterogeneity	21
ldl_glgc_eur_without_ukb	tier1_049_iron_deficiency_anaemia	0.021581875396646	-0.00932598677350864	inconclusive_or_no_evidence_in_either_source	inconclusive_or_no_evidence_in_either_source	No FDR heterogeneity	20
ldl_glgc_eur_without_ukb	tier1_050_retention_of_urine	-0.0256949258488564	-0.0451802939733061	inconclusive_or_no_evidence_in_either_source	inconclusive_or_no_evidence_in_either_source	No FDR heterogeneity	18
ldl_glgc_eur_without_ukb	tier1_051_senile_cataract	-0.184826437911742	-0.14766831378084	inconclusive_or_no_evidence_in_either_source	inconclusive_or_no_evidence_in_either_source	No FDR heterogeneity	20
ldl_glgc_eur_without_ukb	tier1_052_other_disorders_of_eyelid	0.120942139267654	0.168922320475772	inconclusive_or_no_evidence_in_either_source	inconclusive_or_no_evidence_in_either_source	No FDR heterogeneity	18
ldl_glgc_eur_without_ukb	tier1_053_glaucoma	-0.247884176615333	-0.172808579160612	inconclusive_or_no_evidence_in_either_source	inconclusive_or_no_evidence_in_either_source	No FDR heterogeneity	18
smoking_cessation_gscan	tier1_001_hypertension	-0.196302540091373	-0.196302540091373	inconclusive_or_no_evidence_in_either_source	inconclusive_or_no_evidence_in_either_source	No FDR heterogeneity	7
smoking_cessation_gscan	tier1_002_hypertension_essential	-0.197813940576912	-0.197813940576912	inconclusive_or_no_evidence_in_either_source	inconclusive_or_no_evidence_in_either_source	No FDR heterogeneity	7
smoking_cessation_gscan	tier1_003_ischaemic_heart_disease_wide_definition	-0.125565107460318	-0.125565107460318	inconclusive_or_no_evidence_in_either_source	inconclusive_or_no_evidence_in_either_source	No FDR heterogeneity	7
smoking_cessation_gscan	tier1_004_angina_pectoris	-0.130672758644337	-0.130672758644337	inconclusive_or_no_evidence_in_either_source	inconclusive_or_no_evidence_in_either_source	No FDR heterogeneity	7
smoking_cessation_gscan	tier1_005_atrial_fibrillation_and_flutter	-0.0171255276311201	0.00793117952888269	inconclusive_or_no_evidence_in_either_source	inconclusive_or_no_evidence_in_either_source	No FDR heterogeneity	6
smoking_cessation_gscan	tier1_006_obesity	-0.396552387754946	-0.396552387754946	asymmetric_support_without_demonstrated_heterogeneity	asymmetric_support_without_demonstrated_heterogeneity	No FDR heterogeneity	7
smoking_cessation_gscan	tier1_007_obesity_due_to_excess_calories	-0.359528672463476	-0.359528672463477	asymmetric_support_without_demonstrated_heterogeneity	asymmetric_support_without_demonstrated_heterogeneity	No FDR heterogeneity	7
smoking_cessation_gscan	tier1_008_varicose_veins	-0.0784732503662737	-0.0784732503662737	inconclusive_or_no_evidence_in_either_source	inconclusive_or_no_evidence_in_either_source	No FDR heterogeneity	7
smoking_cessation_gscan	tier1_009_conduction_disorders	0.306309135725769	0.246281597630042	inconclusive_or_no_evidence_in_either_source	inconclusive_or_no_evidence_in_either_source	No FDR heterogeneity	6
smoking_cessation_gscan	tier1_010_heart_failure_strict	-0.025237233443	0.0206935474852759	inconclusive_or_no_evidence_in_either_source	inconclusive_or_no_evidence_in_either_source	No FDR heterogeneity	6
smoking_cessation_gscan	tier1_011_heart_failure_and_coronary_heart_disease	-0.148212339212583	-0.122869418350914	inconclusive_or_no_evidence_in_either_source	inconclusive_or_no_evidence_in_either_source	No FDR heterogeneity	6
smoking_cessation_gscan	tier1_012_hypotension	-0.127891341336238	0.0477541489924532	inconclusive_or_no_evidence_in_either_source	inconclusive_or_no_evidence_in_either_source	No FDR heterogeneity	5
smoking_cessation_gscan	tier1_013_unstable_angina_pectoris	-0.313473732822829	-0.357721089611776	inconclusive_or_no_evidence_in_either_source	inconclusive_or_no_evidence_in_either_source	No FDR heterogeneity	5
smoking_cessation_gscan	tier1_014_hernia	0.0639264674279593	0.0639264674279591	inconclusive_or_no_evidence_in_either_source	inconclusive_or_no_evidence_in_either_source	No FDR heterogeneity	7
smoking_cessation_gscan	tier1_015_diverticular_disease_of_intestine	-0.0688124200749633	-0.0688124200749632	inconclusive_or_no_evidence_in_either_source	inconclusive_or_no_evidence_in_either_source	No FDR heterogeneity	7
smoking_cessation_gscan	tier1_016_hernia_of_abdominal_wall	-0.0750467647294671	-0.0750467647294671	inconclusive_or_no_evidence_in_either_source	inconclusive_or_no_evidence_in_either_source	No FDR heterogeneity	7
smoking_cessation_gscan	tier1_017_inguinal_hernia	0.0529190338592842	0.0529190338592842	inconclusive_or_no_evidence_in_either_source	inconclusive_or_no_evidence_in_either_source	No FDR heterogeneity	7
smoking_cessation_gscan	tier1_018_cholelithiasis	-0.262830735883102	-0.262830735883102	inconclusive_or_no_evidence_in_either_source	inconclusive_or_no_evidence_in_either_source	No FDR heterogeneity	7
smoking_cessation_gscan	tier1_019_diaphragmatic_hernia	0.0896237614302317	0.0896237614302318	inconclusive_or_no_evidence_in_either_source	inconclusive_or_no_evidence_in_either_source	No FDR heterogeneity	7
smoking_cessation_gscan	tier1_020_obesity_related_asthma	-0.075784737932837	-0.0757847379328371	inconclusive_or_no_evidence_in_either_source	inconclusive_or_no_evidence_in_either_source	No FDR heterogeneity	7
smoking_cessation_gscan	tier1_021_influenza_and_pneumonia	-0.067692572007733	-0.0676925720077322	inconclusive_or_no_evidence_in_either_source	inconclusive_or_no_evidence_in_either_source	No FDR heterogeneity	7
smoking_cessation_gscan	tier1_022_asthma_related_pneumonia	-0.071266438982284	-0.0712664389822843	inconclusive_or_no_evidence_in_either_source	inconclusive_or_no_evidence_in_either_source	No FDR heterogeneity	7
smoking_cessation_gscan	tier1_023_constipation	-0.001208836200862	-0.0012088362008619	inconclusive_or_no_evidence_in_either_source	inconclusive_or_no_evidence_in_either_source	No FDR heterogeneity	7
smoking_cessation_gscan	tier1_024_other_gastritis_incl_duodenitis	-0.244326044551806	-0.244326044551805	asymmetric_support_without_demonstrated_heterogeneity	asymmetric_support_without_demonstrated_heterogeneity	No FDR heterogeneity	7
smoking_cessation_gscan	tier1_025_hernia_of_abdominal_wall_postoperative	-0.204976108454985	-0.204976108454985	inconclusive_or_no_evidence_in_either_source	inconclusive_or_no_evidence_in_either_source	No FDR heterogeneity	7
smoking_cessation_gscan	tier1_026_irritable_bowel_syndrome	-0.14211199467602	-0.250627027601278	inconclusive_or_no_evidence_in_either_source	inconclusive_or_no_evidence_in_either_source	No FDR heterogeneity	5
smoking_cessation_gscan	tier1_027_pleural_effusion	-0.101901518683935	-0.0317396390365547	inconclusive_or_no_evidence_in_either_source	inconclusive_or_no_evidence_in_either_source	No FDR heterogeneity	6
smoking_cessation_gscan	tier1_028_gastric_ulcer	0.074628130109956	0.119780251502083	inconclusive_or_no_evidence_in_either_source	inconclusive_or_no_evidence_in_either_source	No FDR heterogeneity	5
smoking_cessation_gscan	tier1_029_noninflammatory_disorders_of_female_genital_tract	-0.0998198104884767	-0.0998198104884768	inconclusive_or_no_evidence_in_either_source	inconclusive_or_no_evidence_in_either_source	No FDR heterogeneity	7
smoking_cessation_gscan	tier1_030_hyperplasia_of_prostate	-0.291874827021034	-0.321992958756632	inconclusive_or_no_evidence_in_either_source	inconclusive_or_no_evidence_in_either_source	No FDR heterogeneity	5
smoking_cessation_gscan	tier1_031_renal_failure	-0.0536687170680396	-0.0211682388155205	inconclusive_or_no_evidence_in_either_source	inconclusive_or_no_evidence_in_either_source	No FDR heterogeneity	5
smoking_cessation_gscan	tier1_032_polyp_of_the_female_genital_tract	-0.0469993662030965	-0.0469993662030962	inconclusive_or_no_evidence_in_either_source	inconclusive_or_no_evidence_in_either_source	No FDR heterogeneity	7
smoking_cessation_gscan	tier1_033_postmenopausal_bleeding	-0.415312846312691	-0.41531284631269	asymmetric_support_without_demonstrated_heterogeneity	asymmetric_support_without_demonstrated_heterogeneity	No FDR heterogeneity	7
smoking_cessation_gscan	tier1_034_acute_renal_failure	-0.0838390516533677	-0.13909563147421	inconclusive_or_no_evidence_in_either_source	inconclusive_or_no_evidence_in_either_source	No FDR heterogeneity	6
smoking_cessation_gscan	tier1_035_inflammatory_diseases_of_female_pelvic_organs	0.158865407837831	0.15886540783783	inconclusive_or_no_evidence_in_either_source	inconclusive_or_no_evidence_in_either_source	No FDR heterogeneity	7
smoking_cessation_gscan	tier1_036_ovarian_cyst	0.168629155226702	0.17299669217876	inconclusive_or_no_evidence_in_either_source	inconclusive_or_no_evidence_in_either_source	No FDR heterogeneity	5
smoking_cessation_gscan	tier1_037_low_back_pain	-0.0662912414998435	-0.0662912414998437	inconclusive_or_no_evidence_in_either_source	inconclusive_or_no_evidence_in_either_source	No FDR heterogeneity	7
smoking_cessation_gscan	tier1_038_disorders_of_synovium_and_tendon	-0.142381596661073	-0.142381596661072	inconclusive_or_no_evidence_in_either_source	inconclusive_or_no_evidence_in_either_source	No FDR heterogeneity	7
smoking_cessation_gscan	tier1_039_pain_in_joint	0.160529346760705	0.154872547854249	inconclusive_or_no_evidence_in_either_source	inconclusive_or_no_evidence_in_either_source	No FDR heterogeneity	6
smoking_cessation_gscan	tier1_040_osteoporosis	0.043271420759488	0.0188344074459748	inconclusive_or_no_evidence_in_either_source	inconclusive_or_no_evidence_in_either_source	No FDR heterogeneity	5
smoking_cessation_gscan	tier1_041_pain_in_limb	-0.148992693040134	-0.157342091309785	inconclusive_or_no_evidence_in_either_source	inconclusive_or_no_evidence_in_either_source	No FDR heterogeneity	6
smoking_cessation_gscan	tier1_042_polyarthropathies	-0.004168934804006	-0.00416893480400629	inconclusive_or_no_evidence_in_either_source	inconclusive_or_no_evidence_in_either_source	No FDR heterogeneity	7
smoking_cessation_gscan	tier1_043_rheumatoid_arthritis	0.14157722812865	0.155996593650907	inconclusive_or_no_evidence_in_either_source	inconclusive_or_no_evidence_in_either_source	No FDR heterogeneity	5
smoking_cessation_gscan	tier1_044_spinal_stenosis	0.221494222318805	0.220949447809988	inconclusive_or_no_evidence_in_either_source	inconclusive_or_no_evidence_in_either_source	No FDR heterogeneity	5
smoking_cessation_gscan	tier1_045_sleep_disorders_combined	-0.448782321680798	-0.448782321680798	inconclusive_or_no_evidence_in_either_source	inconclusive_or_no_evidence_in_either_source	No FDR heterogeneity	7
smoking_cessation_gscan	tier1_046_sleep_apnoea	-0.463142959426078	-0.463142959426078	inconclusive_or_no_evidence_in_either_source	inconclusive_or_no_evidence_in_either_source	No FDR heterogeneity	7
smoking_cessation_gscan	tier1_047_cardiac_arrhythmias	-0.0466115657210512	-0.0466115657210513	inconclusive_or_no_evidence_in_either_source	inconclusive_or_no_evidence_in_either_source	No FDR heterogeneity	7
smoking_cessation_gscan	tier1_048_pain_limb_back_neck_head_abdominally	-0.107485325301459	-0.107485325301459	inconclusive_or_no_evidence_in_either_source	inconclusive_or_no_evidence_in_either_source	No FDR heterogeneity	7
smoking_cessation_gscan	tier1_049_iron_deficiency_anaemia	-0.126634442638054	-0.126634442638054	inconclusive_or_no_evidence_in_either_source	inconclusive_or_no_evidence_in_either_source	No FDR heterogeneity	7
smoking_cessation_gscan	tier1_050_retention_of_urine	-0.21137921206852	-0.219571742127726	inconclusive_or_no_evidence_in_either_source	inconclusive_or_no_evidence_in_either_source	No FDR heterogeneity	6
smoking_cessation_gscan	tier1_051_senile_cataract	-0.332717546312893	-0.332717546312893	asymmetric_support_without_demonstrated_heterogeneity	asymmetric_support_without_demonstrated_heterogeneity	No FDR heterogeneity	7
smoking_cessation_gscan	tier1_052_other_disorders_of_eyelid	-0.055741150140284	-0.0212530626451759	inconclusive_or_no_evidence_in_either_source	inconclusive_or_no_evidence_in_either_source	No FDR heterogeneity	5
smoking_cessation_gscan	tier1_053_glaucoma	-0.224766337700207	-0.222725237134812	inconclusive_or_no_evidence_in_either_source	inconclusive_or_no_evidence_in_either_source	No FDR heterogeneity	6
smoking_initiation_gscan	tier1_001_hypertension	-0.082470411811508	-0.0585396274070213	concordant_cross_source_support	concordant_cross_source_support	No FDR heterogeneity	59
smoking_initiation_gscan	tier1_002_hypertension_essential	-0.068202114639149	-0.041095741877864	concordant_cross_source_support	concordant_cross_source_support	No FDR heterogeneity	59
smoking_initiation_gscan	tier1_003_ischaemic_heart_disease_wide_definition	-0.064051464116348	-0.0564877012519622	concordant_cross_source_support	concordant_cross_source_support	No FDR heterogeneity	59
smoking_initiation_gscan	tier1_004_angina_pectoris	-0.040613835772975	-0.0351385085697938	concordant_cross_source_support	concordant_cross_source_support	No FDR heterogeneity	54
smoking_initiation_gscan	tier1_005_atrial_fibrillation_and_flutter	-0.056511076378336	-0.0559397282899934	concordant_cross_source_support	concordant_cross_source_support	No FDR heterogeneity	49
smoking_initiation_gscan	tier1_006_obesity	-0.121664071078186	-0.126785789949065	concordant_cross_source_support	concordant_cross_source_support	No FDR heterogeneity	53
smoking_initiation_gscan	tier1_007_obesity_due_to_excess_calories	-0.08289613765356	-0.0836326123855503	concordant_cross_source_support	concordant_cross_source_support	No FDR heterogeneity	53
smoking_initiation_gscan	tier1_008_varicose_veins	-0.037195957406224	0.0163731276049913	concordant_cross_source_support	concordant_cross_source_support	No FDR heterogeneity	54
smoking_initiation_gscan	tier1_009_conduction_disorders	-0.163061710838955	-0.119038529538007	inconclusive_or_no_evidence_in_either_source	inconclusive_or_no_evidence_in_either_source	No FDR heterogeneity	49
smoking_initiation_gscan	tier1_010_heart_failure_strict	-0.175343421023381	-0.223663538896575	concordant_cross_source_support	concordant_cross_source_support	No FDR heterogeneity	49
smoking_initiation_gscan	tier1_011_heart_failure_and_coronary_heart_disease	-0.116748998146473	-0.177275153280639	concordant_cross_source_support	concordant_cross_source_support	No FDR heterogeneity	49
smoking_initiation_gscan	tier1_012_hypotension	0.119556481960935	0.0878557931261007	asymmetric_support_without_demonstrated_heterogeneity	inconclusive_or_no_evidence_in_either_source	No FDR heterogeneity	48
smoking_initiation_gscan	tier1_013_unstable_angina_pectoris	-0.078016321773444	-0.0571047726848136	asymmetric_support_without_demonstrated_heterogeneity	asymmetric_support_without_demonstrated_heterogeneity	No FDR heterogeneity	48
smoking_initiation_gscan	tier1_014_hernia	-0.071049897507829	-0.0467283379359017	concordant_cross_source_support	concordant_cross_source_support	No FDR heterogeneity	57
smoking_initiation_gscan	tier1_015_diverticular_disease_of_intestine	-0.0306336808691345	-0.0538811018810091	inconclusive_or_no_evidence_in_either_source	inconclusive_or_no_evidence_in_either_source	No FDR heterogeneity	55
smoking_initiation_gscan	tier1_016_hernia_of_abdominal_wall	-0.022444669682871	-0.000449123029810067	concordant_cross_source_support	concordant_cross_source_support	No FDR heterogeneity	57
smoking_initiation_gscan	tier1_017_inguinal_hernia	0.00064065073181159	0.0284409863461502	evidence_of_practical_equivalence	inconclusive_or_no_evidence_in_either_source	No FDR heterogeneity	52
smoking_initiation_gscan	tier1_018_cholelithiasis	-0.178636618166127	-0.240399267302851	asymmetric_support_without_demonstrated_heterogeneity	asymmetric_support_without_demonstrated_heterogeneity	No FDR heterogeneity	55
smoking_initiation_gscan	tier1_019_diaphragmatic_hernia	-0.067861971143747	-0.0697280359239871	asymmetric_support_without_demonstrated_heterogeneity	asymmetric_support_without_demonstrated_heterogeneity	No FDR heterogeneity	59
smoking_initiation_gscan	tier1_020_obesity_related_asthma	-0.169393511253103	-0.162302665649966	concordant_cross_source_support	concordant_cross_source_support	No FDR heterogeneity	52
smoking_initiation_gscan	tier1_021_influenza_and_pneumonia	-0.182576370254609	-0.188080227861846	concordant_cross_source_support	concordant_cross_source_support	No FDR heterogeneity	53
smoking_initiation_gscan	tier1_022_asthma_related_pneumonia	-0.076362423550645	-0.0728825108767747	concordant_cross_source_support	concordant_cross_source_support	No FDR heterogeneity	53
smoking_initiation_gscan	tier1_023_constipation	-0.193915519693509	-0.235063469856538	asymmetric_support_without_demonstrated_heterogeneity	asymmetric_support_without_demonstrated_heterogeneity	No FDR heterogeneity	53
smoking_initiation_gscan	tier1_024_other_gastritis_incl_duodenitis	0.04214541078132	-0.0153711420209706	concordant_cross_source_support	concordant_cross_source_support	No FDR heterogeneity	57
smoking_initiation_gscan	tier1_025_hernia_of_abdominal_wall_postoperative	0.097658468049087	0.0779610014397416	concordant_cross_source_support	concordant_cross_source_support	No FDR heterogeneity	57
smoking_initiation_gscan	tier1_026_irritable_bowel_syndrome	0.0391146115537021	0.0138605106336225	inconclusive_or_no_evidence_in_either_source	inconclusive_or_no_evidence_in_either_source	No FDR heterogeneity	48
smoking_initiation_gscan	tier1_027_pleural_effusion	0.016638352547742	0.0172232778545034	inconclusive_or_no_evidence_in_either_source	inconclusive_or_no_evidence_in_either_source	No FDR heterogeneity	49
smoking_initiation_gscan	tier1_028_gastric_ulcer	0.063819069316485	0.0459494180441911	asymmetric_support_without_demonstrated_heterogeneity	asymmetric_support_without_demonstrated_heterogeneity	No FDR heterogeneity	48
smoking_initiation_gscan	tier1_029_noninflammatory_disorders_of_female_genital_tract	-0.169978517304544	-0.173653801277648	asymmetric_support_without_demonstrated_heterogeneity	asymmetric_support_without_demonstrated_heterogeneity	No FDR heterogeneity	57
smoking_initiation_gscan	tier1_030_hyperplasia_of_prostate	-0.137805259542016	-0.164152770084335	inconclusive_or_no_evidence_in_either_source	inconclusive_or_no_evidence_in_either_source	No FDR heterogeneity	48
smoking_initiation_gscan	tier1_031_renal_failure	-0.187594663656075	-0.1987897420168	asymmetric_support_without_demonstrated_heterogeneity	asymmetric_support_without_demonstrated_heterogeneity	No FDR heterogeneity	48
smoking_initiation_gscan	tier1_032_polyp_of_the_female_genital_tract	0.0092364468296584	0.0377111861322619	inconclusive_or_no_evidence_in_either_source	inconclusive_or_no_evidence_in_either_source	No FDR heterogeneity	53
smoking_initiation_gscan	tier1_033_postmenopausal_bleeding	0.0227553034843708	0.0184702491045066	inconclusive_or_no_evidence_in_either_source	inconclusive_or_no_evidence_in_either_source	No FDR heterogeneity	53
smoking_initiation_gscan	tier1_034_acute_renal_failure	-0.102147603657518	-0.153071538555581	asymmetric_support_without_demonstrated_heterogeneity	inconclusive_or_no_evidence_in_either_source	No FDR heterogeneity	49
smoking_initiation_gscan	tier1_035_inflammatory_diseases_of_female_pelvic_organs	0.227263710562559	0.218321454071606	asymmetric_support_without_demonstrated_heterogeneity	asymmetric_support_without_demonstrated_heterogeneity	No FDR heterogeneity	48
smoking_initiation_gscan	tier1_036_ovarian_cyst	-0.177685514335438	-0.214344781744375	inconclusive_or_no_evidence_in_either_source	inconclusive_or_no_evidence_in_either_source	No FDR heterogeneity	48
smoking_initiation_gscan	tier1_037_low_back_pain	-0.088153492078705	-0.0764077769378753	concordant_cross_source_support	concordant_cross_source_support	No FDR heterogeneity	57
smoking_initiation_gscan	tier1_038_disorders_of_synovium_and_tendon	-0.188540364288392	-0.228309547069062	asymmetric_support_without_demonstrated_heterogeneity	asymmetric_support_without_demonstrated_heterogeneity	No FDR heterogeneity	53
smoking_initiation_gscan	tier1_039_pain_in_joint	-0.308800544633446	-0.373520710414637	concordant_cross_source_support	asymmetric_support_without_demonstrated_heterogeneity	No FDR heterogeneity	49
smoking_initiation_gscan	tier1_040_osteoporosis	-0.018984609441015	-0.0302995736695242	inconclusive_or_no_evidence_in_either_source	inconclusive_or_no_evidence_in_either_source	No FDR heterogeneity	48
smoking_initiation_gscan	tier1_041_pain_in_limb	-0.272598807877698	-0.261651625119769	concordant_cross_source_support	concordant_cross_source_support	No FDR heterogeneity	49
smoking_initiation_gscan	tier1_042_polyarthropathies	-0.190139044019529	-0.219045312063351	concordant_cross_source_support	concordant_cross_source_support	No FDR heterogeneity	54
smoking_initiation_gscan	tier1_043_rheumatoid_arthritis	-0.131441719512435	-0.206530441702063	concordant_cross_source_support	asymmetric_support_without_demonstrated_heterogeneity	No FDR heterogeneity	48
smoking_initiation_gscan	tier1_044_spinal_stenosis	-0.220725110012822	-0.271142207924815	concordant_cross_source_support	concordant_cross_source_support	No FDR heterogeneity	48
smoking_initiation_gscan	tier1_045_sleep_disorders_combined	-0.228254384875501	-0.210665898064194	concordant_cross_source_support	concordant_cross_source_support	No FDR heterogeneity	55
smoking_initiation_gscan	tier1_046_sleep_apnoea	-0.207580902416207	-0.22096423445044	concordant_cross_source_support	concordant_cross_source_support	No FDR heterogeneity	54
smoking_initiation_gscan	tier1_047_cardiac_arrhythmias	-0.086905395734872	-0.0963579606602094	concordant_cross_source_support	concordant_cross_source_support	No FDR heterogeneity	55
smoking_initiation_gscan	tier1_048_pain_limb_back_neck_head_abdominally	-0.150245870847766	-0.157638461828735	concordant_cross_source_support	concordant_cross_source_support	No FDR heterogeneity	57
smoking_initiation_gscan	tier1_049_iron_deficiency_anaemia	-0.268540448600732	-0.300042012340848	asymmetric_support_without_demonstrated_heterogeneity	asymmetric_support_without_demonstrated_heterogeneity	No FDR heterogeneity	53
smoking_initiation_gscan	tier1_050_retention_of_urine	0.0121596688396982	-0.0267903305174582	inconclusive_or_no_evidence_in_either_source	inconclusive_or_no_evidence_in_either_source	No FDR heterogeneity	49
smoking_initiation_gscan	tier1_051_senile_cataract	-0.165480060470494	-0.189307151500106	asymmetric_support_without_demonstrated_heterogeneity	asymmetric_support_without_demonstrated_heterogeneity	No FDR heterogeneity	53
smoking_initiation_gscan	tier1_052_other_disorders_of_eyelid	0.15582078552149	0.158841576373854	asymmetric_support_without_demonstrated_heterogeneity	asymmetric_support_without_demonstrated_heterogeneity	No FDR heterogeneity	48
smoking_initiation_gscan	tier1_053_glaucoma	-0.244490408061958	-0.339072432507879	inconclusive_or_no_evidence_in_either_source	inconclusive_or_no_evidence_in_either_source	No FDR heterogeneity	49
t1d_gcst010681	tier1_001_hypertension	0.0083525518735979	0.00570962632518683	concordant_cross_source_support	concordant_cross_source_support	No FDR heterogeneity	36
t1d_gcst010681	tier1_002_hypertension_essential	0.0093932948794406	0.00696089534115313	concordant_cross_source_support	concordant_cross_source_support	No FDR heterogeneity	36
t1d_gcst010681	tier1_003_ischaemic_heart_disease_wide_definition	0.0113970230854536	0.0106509847443169	evidence_of_practical_equivalence	evidence_of_practical_equivalence	No FDR heterogeneity	36
t1d_gcst010681	tier1_004_angina_pectoris	0.0088144268451539	0.0096065191694803	evidence_of_practical_equivalence	evidence_of_practical_equivalence	No FDR heterogeneity	36
t1d_gcst010681	tier1_005_atrial_fibrillation_and_flutter	0.00252021017444682	0.00158435782153927	evidence_of_practical_equivalence	evidence_of_practical_equivalence	No FDR heterogeneity	30
t1d_gcst010681	tier1_006_obesity	-0.0057369432915108	-0.00187969541934737	evidence_of_practical_equivalence	evidence_of_practical_equivalence	No FDR heterogeneity	32
t1d_gcst010681	tier1_007_obesity_due_to_excess_calories	-0.00874852898977681	-0.00506559186314038	evidence_of_practical_equivalence	evidence_of_practical_equivalence	No FDR heterogeneity	32
t1d_gcst010681	tier1_008_varicose_veins	-0.0062108536926828	-0.00863104965305384	concordant_cross_source_support	evidence_of_practical_equivalence	No FDR heterogeneity	35
t1d_gcst010681	tier1_009_conduction_disorders	0.00474619883435443	0.00303623346339643	evidence_of_practical_equivalence	evidence_of_practical_equivalence	No FDR heterogeneity	30
t1d_gcst010681	tier1_010_heart_failure_strict	0.0124931385307487	0.0112077025266229	evidence_of_practical_equivalence	evidence_of_practical_equivalence	No FDR heterogeneity	30
t1d_gcst010681	tier1_011_heart_failure_and_coronary_heart_disease	0.023809556187758	0.0213757595203243	evidence_of_practical_equivalence	evidence_of_practical_equivalence	No FDR heterogeneity	30
t1d_gcst010681	tier1_012_hypotension	0.0146987202287621	0.0188604780675009	evidence_of_practical_equivalence	evidence_of_practical_equivalence	No FDR heterogeneity	30
t1d_gcst010681	tier1_013_unstable_angina_pectoris	0.0040138392020936	0.00342354994483753	evidence_of_practical_equivalence	evidence_of_practical_equivalence	No FDR heterogeneity	30
t1d_gcst010681	tier1_014_hernia	-0.00920966164961409	-0.00948177668059254	evidence_of_practical_equivalence	evidence_of_practical_equivalence	No FDR heterogeneity	36
t1d_gcst010681	tier1_015_diverticular_disease_of_intestine	-0.0223356044327439	-0.0160998383724092	evidence_of_practical_equivalence	evidence_of_practical_equivalence	No FDR heterogeneity	36
t1d_gcst010681	tier1_016_hernia_of_abdominal_wall	-0.0333897993780131	-0.0332682684525226	evidence_of_source_heterogeneity	evidence_of_source_heterogeneity	Retained heterogeneity	36
t1d_gcst010681	tier1_017_inguinal_hernia	0.0018828033573338	0.00157967509567129	evidence_of_practical_equivalence	evidence_of_practical_equivalence	No FDR heterogeneity	32
t1d_gcst010681	tier1_018_cholelithiasis	-0.0208725204740616	-0.0209219848920934	evidence_of_practical_equivalence	evidence_of_practical_equivalence	No FDR heterogeneity	36
t1d_gcst010681	tier1_019_diaphragmatic_hernia	-0.00973735969628067	-0.0064357268552013	evidence_of_practical_equivalence	evidence_of_practical_equivalence	No FDR heterogeneity	36
t1d_gcst010681	tier1_020_obesity_related_asthma	0.0345704896064763	0.0356518324208947	evidence_of_practical_equivalence	evidence_of_practical_equivalence	No FDR heterogeneity	32
t1d_gcst010681	tier1_021_influenza_and_pneumonia	0.00728126462644386	0.00334170953708418	evidence_of_practical_equivalence	evidence_of_practical_equivalence	No FDR heterogeneity	31
t1d_gcst010681	tier1_022_asthma_related_pneumonia	0.0862791667864677	0.033815622500918	evidence_of_source_heterogeneity	evidence_of_practical_equivalence	Lost after common SNPs	32
t1d_gcst010681	tier1_023_constipation	0.00388335569366335	0.00204843521917983	evidence_of_practical_equivalence	evidence_of_practical_equivalence	No FDR heterogeneity	32
t1d_gcst010681	tier1_024_other_gastritis_incl_duodenitis	-0.0141725373144129	-0.00922081785296897	evidence_of_practical_equivalence	evidence_of_practical_equivalence	No FDR heterogeneity	36
t1d_gcst010681	tier1_025_hernia_of_abdominal_wall_postoperative	-0.00798480018994919	-0.0105683083229057	evidence_of_practical_equivalence	evidence_of_practical_equivalence	No FDR heterogeneity	36
t1d_gcst010681	tier1_026_irritable_bowel_syndrome	0.00433487628833746	0.00989024323806076	evidence_of_practical_equivalence	evidence_of_practical_equivalence	No FDR heterogeneity	30
t1d_gcst010681	tier1_027_pleural_effusion	0.0174558054226694	0.0213499243339283	evidence_of_practical_equivalence	evidence_of_practical_equivalence	No FDR heterogeneity	30
t1d_gcst010681	tier1_028_gastric_ulcer	-0.0277900730470575	-0.0302783456972893	evidence_of_practical_equivalence	evidence_of_practical_equivalence	No FDR heterogeneity	30
t1d_gcst010681	tier1_029_noninflammatory_disorders_of_female_genital_tract	0.00450204527387042	0.0081285881454869	evidence_of_practical_equivalence	evidence_of_practical_equivalence	No FDR heterogeneity	36
t1d_gcst010681	tier1_030_hyperplasia_of_prostate	-0.000581237140673999	-0.00982987001564013	concordant_cross_source_support	evidence_of_practical_equivalence	No FDR heterogeneity	30
t1d_gcst010681	tier1_031_renal_failure	0.018253398800703	0.018746305564822	concordant_cross_source_support	concordant_cross_source_support	No FDR heterogeneity	30
t1d_gcst010681	tier1_032_polyp_of_the_female_genital_tract	0.0145010176318471	0.0143792338659976	evidence_of_practical_equivalence	evidence_of_practical_equivalence	No FDR heterogeneity	32
t1d_gcst010681	tier1_033_postmenopausal_bleeding	0.00803490017690536	0.00723911152472059	evidence_of_practical_equivalence	evidence_of_practical_equivalence	No FDR heterogeneity	32
t1d_gcst010681	tier1_034_acute_renal_failure	-0.0011626557732147	-0.00379099962346575	concordant_cross_source_support	concordant_cross_source_support	No FDR heterogeneity	30
t1d_gcst010681	tier1_035_inflammatory_diseases_of_female_pelvic_organs	-0.00219423944328012	-0.00308979097639775	evidence_of_practical_equivalence	evidence_of_practical_equivalence	No FDR heterogeneity	32
t1d_gcst010681	tier1_036_ovarian_cyst	0.00755025743293632	0.00110739195637112	evidence_of_practical_equivalence	evidence_of_practical_equivalence	No FDR heterogeneity	30
t1d_gcst010681	tier1_037_low_back_pain	-0.00546300041584483	-0.00343003240511214	evidence_of_practical_equivalence	evidence_of_practical_equivalence	No FDR heterogeneity	36
t1d_gcst010681	tier1_038_disorders_of_synovium_and_tendon	0.0319536600003439	0.0287299344769514	evidence_of_source_heterogeneity	evidence_of_source_heterogeneity	Retained heterogeneity	32
t1d_gcst010681	tier1_039_pain_in_joint	0.0080223958105792	0.007080392789798	evidence_of_practical_equivalence	evidence_of_practical_equivalence	No FDR heterogeneity	30
t1d_gcst010681	tier1_040_osteoporosis	-0.0045943290539405	-0.00475807890702192	concordant_cross_source_support	concordant_cross_source_support	No FDR heterogeneity	30
t1d_gcst010681	tier1_041_pain_in_limb	0.0101468668585805	0.00407426579357256	evidence_of_practical_equivalence	evidence_of_practical_equivalence	No FDR heterogeneity	30
t1d_gcst010681	tier1_042_polyarthropathies	-0.0142402483397635	-0.0277850484751601	concordant_cross_source_support	concordant_cross_source_support	No FDR heterogeneity	32
t1d_gcst010681	tier1_043_rheumatoid_arthritis	0.0487326742404603	0.0195727972944185	concordant_cross_source_support	concordant_cross_source_support	No FDR heterogeneity	30
t1d_gcst010681	tier1_044_spinal_stenosis	0.00288842286661625	0.0103204294029239	evidence_of_practical_equivalence	evidence_of_practical_equivalence	No FDR heterogeneity	30
t1d_gcst010681	tier1_045_sleep_disorders_combined	-0.00211512211968535	-0.0072451204921969	evidence_of_practical_equivalence	evidence_of_practical_equivalence	No FDR heterogeneity	36
t1d_gcst010681	tier1_046_sleep_apnoea	0.00284210360192193	-0.0023673453076495	evidence_of_practical_equivalence	evidence_of_practical_equivalence	No FDR heterogeneity	33
t1d_gcst010681	tier1_047_cardiac_arrhythmias	-0.00253355805116857	0.00100273712896044	evidence_of_practical_equivalence	evidence_of_practical_equivalence	No FDR heterogeneity	36
t1d_gcst010681	tier1_048_pain_limb_back_neck_head_abdominally	-0.0010086204983142	-5.19529771802899e-05	evidence_of_practical_equivalence	evidence_of_practical_equivalence	No FDR heterogeneity	36
t1d_gcst010681	tier1_049_iron_deficiency_anaemia	-0.0361411952619122	-0.0342179005615123	concordant_cross_source_support	evidence_of_practical_equivalence	No FDR heterogeneity	32
t1d_gcst010681	tier1_050_retention_of_urine	-0.00565761462600343	-0.00779271603529078	evidence_of_practical_equivalence	evidence_of_practical_equivalence	No FDR heterogeneity	30
t1d_gcst010681	tier1_051_senile_cataract	0.0117273514795611	0.0164972505681296	concordant_cross_source_support	concordant_cross_source_support	No FDR heterogeneity	32
t1d_gcst010681	tier1_052_other_disorders_of_eyelid	9.77753809446699e-05	-0.00215888156436191	evidence_of_practical_equivalence	evidence_of_practical_equivalence	No FDR heterogeneity	30
t1d_gcst010681	tier1_053_glaucoma	0.0024455451116771	0.000200615736092216	evidence_of_practical_equivalence	evidence_of_practical_equivalence	No FDR heterogeneity	30
t2d_eur_bmiadjusted	tier1_001_hypertension	-0.030473111426928	-0.0323627418745763	concordant_cross_source_support	concordant_cross_source_support	No FDR heterogeneity	50
t2d_eur_bmiadjusted	tier1_002_hypertension_essential	-0.040007613487063	-0.0421403939654718	concordant_cross_source_support	concordant_cross_source_support	No FDR heterogeneity	50
t2d_eur_bmiadjusted	tier1_003_ischaemic_heart_disease_wide_definition	0.012877673870009	0.0128742010115541	concordant_cross_source_support	concordant_cross_source_support	No FDR heterogeneity	50
t2d_eur_bmiadjusted	tier1_004_angina_pectoris	0.011339784160998	0.0122813085797584	concordant_cross_source_support	concordant_cross_source_support	No FDR heterogeneity	50
t2d_eur_bmiadjusted	tier1_005_atrial_fibrillation_and_flutter	0.00246046658110434	0.00284725362685165	evidence_of_practical_equivalence	evidence_of_practical_equivalence	No FDR heterogeneity	47
t2d_eur_bmiadjusted	tier1_006_obesity	-0.00973001585728181	-0.00419514583778878	concordant_cross_source_support	concordant_cross_source_support	No FDR heterogeneity	50
t2d_eur_bmiadjusted	tier1_007_obesity_due_to_excess_calories	0.0014556384416668	0.00771977389045747	concordant_cross_source_support	concordant_cross_source_support	No FDR heterogeneity	50
t2d_eur_bmiadjusted	tier1_008_varicose_veins	0.0709558908219613	0.0677973252146516	evidence_of_practical_equivalence	evidence_of_practical_equivalence	No FDR heterogeneity	50
t2d_eur_bmiadjusted	tier1_009_conduction_disorders	0.0402806480613823	0.0344729617309988	evidence_of_practical_equivalence	evidence_of_practical_equivalence	No FDR heterogeneity	46
t2d_eur_bmiadjusted	tier1_010_heart_failure_strict	0.0174260877468772	0.0209774740583865	evidence_of_practical_equivalence	evidence_of_practical_equivalence	No FDR heterogeneity	47
t2d_eur_bmiadjusted	tier1_011_heart_failure_and_coronary_heart_disease	0.148825647174407	0.148238704295205	asymmetric_support_without_demonstrated_heterogeneity	asymmetric_support_without_demonstrated_heterogeneity	No FDR heterogeneity	47
t2d_eur_bmiadjusted	tier1_012_hypotension	-0.048868710157776	-0.047636844817764	evidence_of_practical_equivalence	evidence_of_practical_equivalence	No FDR heterogeneity	47
t2d_eur_bmiadjusted	tier1_013_unstable_angina_pectoris	0.029882243851086	0.0311511486797081	concordant_cross_source_support	concordant_cross_source_support	No FDR heterogeneity	47
t2d_eur_bmiadjusted	tier1_014_hernia	-0.0168524140202277	-0.0168391642102715	evidence_of_practical_equivalence	evidence_of_practical_equivalence	No FDR heterogeneity	50
t2d_eur_bmiadjusted	tier1_015_diverticular_disease_of_intestine	0.293794393419453	0.298466247178676	evidence_of_source_heterogeneity	evidence_of_source_heterogeneity	Retained heterogeneity	50
t2d_eur_bmiadjusted	tier1_016_hernia_of_abdominal_wall	-0.0610854268253208	-0.0493779215142136	evidence_of_practical_equivalence	evidence_of_practical_equivalence	No FDR heterogeneity	50
t2d_eur_bmiadjusted	tier1_017_inguinal_hernia	0.0566737169985118	0.0495356838606097	evidence_of_practical_equivalence	evidence_of_practical_equivalence	No FDR heterogeneity	49
t2d_eur_bmiadjusted	tier1_018_cholelithiasis	-0.0503219753391643	-0.0495911361074122	evidence_of_practical_equivalence	evidence_of_practical_equivalence	No FDR heterogeneity	50
t2d_eur_bmiadjusted	tier1_019_diaphragmatic_hernia	-0.0191795239312814	-0.0232880255449197	evidence_of_practical_equivalence	evidence_of_practical_equivalence	No FDR heterogeneity	50
t2d_eur_bmiadjusted	tier1_020_obesity_related_asthma	-0.0425800303458048	-0.0332945840669375	concordant_cross_source_support	concordant_cross_source_support	No FDR heterogeneity	50
t2d_eur_bmiadjusted	tier1_021_influenza_and_pneumonia	0.0114905624833764	0.0132677481196074	evidence_of_practical_equivalence	evidence_of_practical_equivalence	No FDR heterogeneity	50
t2d_eur_bmiadjusted	tier1_022_asthma_related_pneumonia	0.42797567528194	0.442417878326526	evidence_of_source_heterogeneity	evidence_of_source_heterogeneity	Retained heterogeneity	50
t2d_eur_bmiadjusted	tier1_023_constipation	-0.0617311651416332	-0.0595640228633061	evidence_of_practical_equivalence	evidence_of_practical_equivalence	No FDR heterogeneity	50
t2d_eur_bmiadjusted	tier1_024_other_gastritis_incl_duodenitis	-0.023564170236015	-0.0235041824608886	evidence_of_practical_equivalence	evidence_of_practical_equivalence	No FDR heterogeneity	50
t2d_eur_bmiadjusted	tier1_025_hernia_of_abdominal_wall_postoperative	-0.0792001017848192	-0.0585907723519079	evidence_of_practical_equivalence	evidence_of_practical_equivalence	No FDR heterogeneity	50
t2d_eur_bmiadjusted	tier1_026_irritable_bowel_syndrome	-0.0104530452361698	-0.0146142737407991	evidence_of_practical_equivalence	evidence_of_practical_equivalence	No FDR heterogeneity	47
t2d_eur_bmiadjusted	tier1_027_pleural_effusion	-0.0094130465476375	0.00908545741010911	evidence_of_practical_equivalence	evidence_of_practical_equivalence	No FDR heterogeneity	47
t2d_eur_bmiadjusted	tier1_028_gastric_ulcer	-0.130469256450438	-0.128245875430915	inconclusive_or_no_evidence_in_either_source	inconclusive_or_no_evidence_in_either_source	No FDR heterogeneity	47
t2d_eur_bmiadjusted	tier1_029_noninflammatory_disorders_of_female_genital_tract	0.189705708644258	0.191494520830383	evidence_of_source_heterogeneity	evidence_of_source_heterogeneity	Retained heterogeneity	50
t2d_eur_bmiadjusted	tier1_030_hyperplasia_of_prostate	-0.0559977347448915	-0.0477817230972344	evidence_of_practical_equivalence	evidence_of_practical_equivalence	No FDR heterogeneity	47
t2d_eur_bmiadjusted	tier1_031_renal_failure	0.278301212083064	0.286468171240623	evidence_of_source_heterogeneity	evidence_of_source_heterogeneity	Retained heterogeneity	46
t2d_eur_bmiadjusted	tier1_032_polyp_of_the_female_genital_tract	-0.0599939793897606	-0.0631586356636106	evidence_of_practical_equivalence	evidence_of_practical_equivalence	No FDR heterogeneity	50
t2d_eur_bmiadjusted	tier1_033_postmenopausal_bleeding	-0.0481575483161935	-0.045603017087494	evidence_of_practical_equivalence	evidence_of_practical_equivalence	No FDR heterogeneity	50
t2d_eur_bmiadjusted	tier1_034_acute_renal_failure	0.0410907874102704	0.0352696444057268	evidence_of_practical_equivalence	evidence_of_practical_equivalence	No FDR heterogeneity	47
t2d_eur_bmiadjusted	tier1_035_inflammatory_diseases_of_female_pelvic_organs	-0.000265528522308496	0.00300653728092479	evidence_of_practical_equivalence	evidence_of_practical_equivalence	No FDR heterogeneity	50
t2d_eur_bmiadjusted	tier1_036_ovarian_cyst	-0.0530471985246465	-0.0581854015502941	evidence_of_practical_equivalence	evidence_of_practical_equivalence	No FDR heterogeneity	47
t2d_eur_bmiadjusted	tier1_037_low_back_pain	-0.0494993014796507	-0.0447002045300148	evidence_of_practical_equivalence	evidence_of_practical_equivalence	No FDR heterogeneity	50
t2d_eur_bmiadjusted	tier1_038_disorders_of_synovium_and_tendon	-0.0903786233035025	-0.097660672786218	evidence_of_practical_equivalence	evidence_of_practical_equivalence	No FDR heterogeneity	50
t2d_eur_bmiadjusted	tier1_039_pain_in_joint	-0.00643387859346251	-0.0027378703904703	evidence_of_practical_equivalence	evidence_of_practical_equivalence	No FDR heterogeneity	46
t2d_eur_bmiadjusted	tier1_040_osteoporosis	0.568437299428019	0.584411864372348	evidence_of_source_heterogeneity	evidence_of_source_heterogeneity	Retained heterogeneity	47
t2d_eur_bmiadjusted	tier1_041_pain_in_limb	-0.0673686224190498	-0.0590068774758707	evidence_of_practical_equivalence	evidence_of_practical_equivalence	No FDR heterogeneity	47
t2d_eur_bmiadjusted	tier1_042_polyarthropathies	-0.0718175273083991	-0.0770182003906263	inconclusive_or_no_evidence_in_either_source	inconclusive_or_no_evidence_in_either_source	No FDR heterogeneity	50
t2d_eur_bmiadjusted	tier1_043_rheumatoid_arthritis	-0.046254323678409	-0.046893390776401	inconclusive_or_no_evidence_in_either_source	inconclusive_or_no_evidence_in_either_source	No FDR heterogeneity	47
t2d_eur_bmiadjusted	tier1_044_spinal_stenosis	-0.0941352900121763	-0.0924560250248816	inconclusive_or_no_evidence_in_either_source	inconclusive_or_no_evidence_in_either_source	No FDR heterogeneity	47
t2d_eur_bmiadjusted	tier1_045_sleep_disorders_combined	0.031655060480356	0.0350018427303749	evidence_of_practical_equivalence	evidence_of_practical_equivalence	No FDR heterogeneity	50
t2d_eur_bmiadjusted	tier1_046_sleep_apnoea	0.324245730271741	0.32848625793484	evidence_of_source_heterogeneity	evidence_of_source_heterogeneity	Retained heterogeneity	50
t2d_eur_bmiadjusted	tier1_047_cardiac_arrhythmias	0.156349218907515	0.154089044342071	evidence_of_source_heterogeneity	evidence_of_source_heterogeneity	Retained heterogeneity	50
t2d_eur_bmiadjusted	tier1_048_pain_limb_back_neck_head_abdominally	-0.0159152624291665	-0.0129676073416157	evidence_of_practical_equivalence	evidence_of_practical_equivalence	No FDR heterogeneity	50
t2d_eur_bmiadjusted	tier1_049_iron_deficiency_anaemia	-0.0929576572385599	-0.0889785248588466	concordant_cross_source_support	concordant_cross_source_support	No FDR heterogeneity	50
t2d_eur_bmiadjusted	tier1_050_retention_of_urine	-0.0516545235281136	-0.0467196362478383	evidence_of_practical_equivalence	evidence_of_practical_equivalence	No FDR heterogeneity	47
t2d_eur_bmiadjusted	tier1_051_senile_cataract	0.0535503754628543	0.0529402644547614	evidence_of_practical_equivalence	evidence_of_practical_equivalence	No FDR heterogeneity	50
t2d_eur_bmiadjusted	tier1_052_other_disorders_of_eyelid	-0.0395809299936142	-0.0315980383260996	evidence_of_practical_equivalence	evidence_of_practical_equivalence	No FDR heterogeneity	47
t2d_eur_bmiadjusted	tier1_053_glaucoma	-0.0086148370804465	-0.00912293502664306	concordant_cross_source_support	concordant_cross_source_support	No FDR heterogeneity	47
t2d_eur_bmiunadjusted	tier1_001_hypertension	-0.021306743615197	-0.0204881371858317	concordant_cross_source_support	concordant_cross_source_support	No FDR heterogeneity	53
t2d_eur_bmiunadjusted	tier1_002_hypertension_essential	-0.026429729444243	-0.0261039052928599	concordant_cross_source_support	concordant_cross_source_support	No FDR heterogeneity	53
t2d_eur_bmiunadjusted	tier1_003_ischaemic_heart_disease_wide_definition	0.0332232911613249	0.0305343376362208	concordant_cross_source_support	concordant_cross_source_support	No FDR heterogeneity	53
t2d_eur_bmiunadjusted	tier1_004_angina_pectoris	0.037899642794896	0.0354430803988732	concordant_cross_source_support	concordant_cross_source_support	No FDR heterogeneity	53
t2d_eur_bmiunadjusted	tier1_005_atrial_fibrillation_and_flutter	0.0436843253122655	0.0502247412531584	evidence_of_practical_equivalence	evidence_of_practical_equivalence	No FDR heterogeneity	50
t2d_eur_bmiunadjusted	tier1_006_obesity	0.0743085489155244	-0.0302769490717083	inconclusive_or_no_evidence_in_either_source	evidence_of_practical_equivalence	No FDR heterogeneity	52
t2d_eur_bmiunadjusted	tier1_007_obesity_due_to_excess_calories	0.638447878968793	0.623819394352649	evidence_of_source_heterogeneity	evidence_of_source_heterogeneity	Retained heterogeneity	52
t2d_eur_bmiunadjusted	tier1_008_varicose_veins	0.0732836707689048	0.0737585503313096	evidence_of_practical_equivalence	evidence_of_practical_equivalence	No FDR heterogeneity	53
t2d_eur_bmiunadjusted	tier1_009_conduction_disorders	0.0769821430719429	0.0707932117079226	evidence_of_practical_equivalence	evidence_of_practical_equivalence	No FDR heterogeneity	49
t2d_eur_bmiunadjusted	tier1_010_heart_failure_strict	0.0131859228211068	0.0185490757847803	evidence_of_practical_equivalence	evidence_of_practical_equivalence	No FDR heterogeneity	50
t2d_eur_bmiunadjusted	tier1_011_heart_failure_and_coronary_heart_disease	0.113496842301833	0.117472657961869	asymmetric_support_without_demonstrated_heterogeneity	asymmetric_support_without_demonstrated_heterogeneity	No FDR heterogeneity	50
t2d_eur_bmiunadjusted	tier1_012_hypotension	-0.0404860504154038	-0.0398575063521724	evidence_of_practical_equivalence	evidence_of_practical_equivalence	No FDR heterogeneity	50
t2d_eur_bmiunadjusted	tier1_013_unstable_angina_pectoris	0.036513195861898	0.0407311830639457	concordant_cross_source_support	concordant_cross_source_support	No FDR heterogeneity	50
t2d_eur_bmiunadjusted	tier1_014_hernia	0.0273513603476598	0.0278568549684574	evidence_of_practical_equivalence	evidence_of_practical_equivalence	No FDR heterogeneity	53
t2d_eur_bmiunadjusted	tier1_015_diverticular_disease_of_intestine	0.377873587102111	0.380245391341211	evidence_of_source_heterogeneity	evidence_of_source_heterogeneity	Retained heterogeneity	53
t2d_eur_bmiunadjusted	tier1_016_hernia_of_abdominal_wall	0.31991117044781	0.321882299558484	evidence_of_source_heterogeneity	evidence_of_source_heterogeneity	Retained heterogeneity	53
t2d_eur_bmiunadjusted	tier1_017_inguinal_hernia	-0.255704224087037	-0.262065386458224	evidence_of_source_heterogeneity	evidence_of_source_heterogeneity	Retained heterogeneity	52
t2d_eur_bmiunadjusted	tier1_018_cholelithiasis	-0.036390752386932	-0.0374198763469902	concordant_cross_source_support	concordant_cross_source_support	No FDR heterogeneity	53
t2d_eur_bmiunadjusted	tier1_019_diaphragmatic_hernia	0.00812000086282968	0.00761092573154878	evidence_of_practical_equivalence	evidence_of_practical_equivalence	No FDR heterogeneity	53
t2d_eur_bmiunadjusted	tier1_020_obesity_related_asthma	-0.020793787728616	-0.0725959612629834	evidence_of_practical_equivalence	inconclusive_or_no_evidence_in_either_source	No FDR heterogeneity	52
t2d_eur_bmiunadjusted	tier1_021_influenza_and_pneumonia	-0.00296706563121958	-0.000738999588786012	evidence_of_practical_equivalence	evidence_of_practical_equivalence	No FDR heterogeneity	53
t2d_eur_bmiunadjusted	tier1_022_asthma_related_pneumonia	0.435479471012176	0.445194774996414	evidence_of_source_heterogeneity	evidence_of_source_heterogeneity	Retained heterogeneity	53
t2d_eur_bmiunadjusted	tier1_023_constipation	-0.0472654182098537	-0.0476856697745976	evidence_of_practical_equivalence	evidence_of_practical_equivalence	No FDR heterogeneity	53
t2d_eur_bmiunadjusted	tier1_024_other_gastritis_incl_duodenitis	-0.000739201968541402	-0.00265525441309625	evidence_of_practical_equivalence	evidence_of_practical_equivalence	No FDR heterogeneity	53
t2d_eur_bmiunadjusted	tier1_025_hernia_of_abdominal_wall_postoperative	0.0030526072729925	0.0132986256919433	evidence_of_practical_equivalence	evidence_of_practical_equivalence	No FDR heterogeneity	53
t2d_eur_bmiunadjusted	tier1_026_irritable_bowel_syndrome	-0.0052981806719343	-0.00151022446460181	evidence_of_practical_equivalence	evidence_of_practical_equivalence	No FDR heterogeneity	50
t2d_eur_bmiunadjusted	tier1_027_pleural_effusion	0.00641470373847229	0.0284675968933474	evidence_of_practical_equivalence	evidence_of_practical_equivalence	No FDR heterogeneity	50
t2d_eur_bmiunadjusted	tier1_028_gastric_ulcer	-0.0843942071155171	-0.0883011027288254	inconclusive_or_no_evidence_in_either_source	inconclusive_or_no_evidence_in_either_source	No FDR heterogeneity	50
t2d_eur_bmiunadjusted	tier1_029_noninflammatory_disorders_of_female_genital_tract	0.176940580353873	0.178800854329482	evidence_of_source_heterogeneity	evidence_of_source_heterogeneity	Retained heterogeneity	53
t2d_eur_bmiunadjusted	tier1_030_hyperplasia_of_prostate	-0.0667826956657503	-0.0627629107612396	evidence_of_practical_equivalence	evidence_of_practical_equivalence	No FDR heterogeneity	49
t2d_eur_bmiunadjusted	tier1_031_renal_failure	0.262555926205858	0.265631958610886	evidence_of_source_heterogeneity	evidence_of_source_heterogeneity	Retained heterogeneity	50
t2d_eur_bmiunadjusted	tier1_032_polyp_of_the_female_genital_tract	-0.059896579640407	-0.0597736807920748	evidence_of_practical_equivalence	evidence_of_practical_equivalence	No FDR heterogeneity	53
t2d_eur_bmiunadjusted	tier1_033_postmenopausal_bleeding	-0.0554643640137667	-0.0550650784584132	evidence_of_practical_equivalence	evidence_of_practical_equivalence	No FDR heterogeneity	53
t2d_eur_bmiunadjusted	tier1_034_acute_renal_failure	0.019798328289951	0.0214580901416345	concordant_cross_source_support	concordant_cross_source_support	No FDR heterogeneity	50
t2d_eur_bmiunadjusted	tier1_035_inflammatory_diseases_of_female_pelvic_organs	-0.0196115157830528	-0.0174870838113328	evidence_of_practical_equivalence	evidence_of_practical_equivalence	No FDR heterogeneity	53
t2d_eur_bmiunadjusted	tier1_036_ovarian_cyst	-0.053615556964703	-0.060162569231702	evidence_of_practical_equivalence	evidence_of_practical_equivalence	No FDR heterogeneity	50
t2d_eur_bmiunadjusted	tier1_037_low_back_pain	0.263693132598525	0.267320103156452	evidence_of_source_heterogeneity	evidence_of_source_heterogeneity	Retained heterogeneity	53
t2d_eur_bmiunadjusted	tier1_038_disorders_of_synovium_and_tendon	-0.0830273286588377	-0.0855295542411836	evidence_of_practical_equivalence	evidence_of_practical_equivalence	No FDR heterogeneity	53
t2d_eur_bmiunadjusted	tier1_039_pain_in_joint	-0.00854720930410484	-0.00533526365964485	evidence_of_practical_equivalence	evidence_of_practical_equivalence	No FDR heterogeneity	49
t2d_eur_bmiunadjusted	tier1_040_osteoporosis	-0.0395886098151815	-0.06265147951442	evidence_of_practical_equivalence	evidence_of_practical_equivalence	No FDR heterogeneity	50
t2d_eur_bmiunadjusted	tier1_041_pain_in_limb	-0.0318676913183283	-0.026287145578956	evidence_of_practical_equivalence	evidence_of_practical_equivalence	No FDR heterogeneity	50
t2d_eur_bmiunadjusted	tier1_042_polyarthropathies	0.215844632289871	0.216034963301178	evidence_of_source_heterogeneity	evidence_of_source_heterogeneity	Retained heterogeneity	53
t2d_eur_bmiunadjusted	tier1_043_rheumatoid_arthritis	-0.0413512674783451	-0.0431982265946562	evidence_of_practical_equivalence	evidence_of_practical_equivalence	No FDR heterogeneity	50
t2d_eur_bmiunadjusted	tier1_044_spinal_stenosis	-0.0668875278713429	-0.0637287549459169	inconclusive_or_no_evidence_in_either_source	inconclusive_or_no_evidence_in_either_source	No FDR heterogeneity	50
t2d_eur_bmiunadjusted	tier1_045_sleep_disorders_combined	0.0494267049840114	0.00992077208120773	evidence_of_practical_equivalence	evidence_of_practical_equivalence	No FDR heterogeneity	52
t2d_eur_bmiunadjusted	tier1_046_sleep_apnoea	0.384498167227455	0.378657917389141	evidence_of_source_heterogeneity	evidence_of_source_heterogeneity	Retained heterogeneity	52
t2d_eur_bmiunadjusted	tier1_047_cardiac_arrhythmias	0.179637345647736	0.177464226842096	evidence_of_source_heterogeneity	evidence_of_source_heterogeneity	Retained heterogeneity	53
t2d_eur_bmiunadjusted	tier1_048_pain_limb_back_neck_head_abdominally	-0.0294503802429479	-0.0292338677438226	evidence_of_practical_equivalence	evidence_of_practical_equivalence	No FDR heterogeneity	53
t2d_eur_bmiunadjusted	tier1_049_iron_deficiency_anaemia	-0.0690789381350802	-0.066469914884916	concordant_cross_source_support	concordant_cross_source_support	No FDR heterogeneity	53
t2d_eur_bmiunadjusted	tier1_050_retention_of_urine	-0.0716718888600613	-0.0765794687767709	evidence_of_practical_equivalence	evidence_of_practical_equivalence	No FDR heterogeneity	50
t2d_eur_bmiunadjusted	tier1_051_senile_cataract	0.0516917184106973	0.0527408726524425	evidence_of_practical_equivalence	evidence_of_practical_equivalence	No FDR heterogeneity	53
t2d_eur_bmiunadjusted	tier1_052_other_disorders_of_eyelid	-0.0363997668833431	-0.0128447120884033	evidence_of_practical_equivalence	evidence_of_practical_equivalence	No FDR heterogeneity	50
t2d_eur_bmiunadjusted	tier1_053_glaucoma	-0.029923945556016	-0.029153056807681	concordant_cross_source_support	concordant_cross_source_support	No FDR heterogeneity	50
uacr_ckdgen_ea	tier1_001_hypertension	-0.085746465698316	-0.105037763738317	concordant_cross_source_support	concordant_cross_source_support	No FDR heterogeneity	26
uacr_ckdgen_ea	tier1_002_hypertension_essential	-0.105637740170224	-0.131435583874161	concordant_cross_source_support	concordant_cross_source_support	No FDR heterogeneity	26
uacr_ckdgen_ea	tier1_003_ischaemic_heart_disease_wide_definition	0.113005560870213	0.054214464866668	concordant_cross_source_support	concordant_cross_source_support	No FDR heterogeneity	26
uacr_ckdgen_ea	tier1_004_angina_pectoris	0.017138052168238	-0.0871269260039347	asymmetric_support_without_demonstrated_heterogeneity	inconclusive_or_no_evidence_in_either_source	No FDR heterogeneity	22
uacr_ckdgen_ea	tier1_005_atrial_fibrillation_and_flutter	0.404000645632102	0.343640530458223	asymmetric_support_without_demonstrated_heterogeneity	inconclusive_or_no_evidence_in_either_source	No FDR heterogeneity	19
uacr_ckdgen_ea	tier1_006_obesity	-0.00199596207834778	-0.0481887630400982	inconclusive_or_no_evidence_in_either_source	inconclusive_or_no_evidence_in_either_source	No FDR heterogeneity	20
uacr_ckdgen_ea	tier1_007_obesity_due_to_excess_calories	0.0812643241610076	0.0398400000976755	inconclusive_or_no_evidence_in_either_source	inconclusive_or_no_evidence_in_either_source	No FDR heterogeneity	20
uacr_ckdgen_ea	tier1_008_varicose_veins	0.333823710830669	0.272254225202012	inconclusive_or_no_evidence_in_either_source	inconclusive_or_no_evidence_in_either_source	No FDR heterogeneity	21
uacr_ckdgen_ea	tier1_009_conduction_disorders	-0.335716423469272	-0.42374894468882	inconclusive_or_no_evidence_in_either_source	inconclusive_or_no_evidence_in_either_source	No FDR heterogeneity	19
uacr_ckdgen_ea	tier1_010_heart_failure_strict	0.180915065969253	0.297835217016799	inconclusive_or_no_evidence_in_either_source	inconclusive_or_no_evidence_in_either_source	No FDR heterogeneity	19
uacr_ckdgen_ea	tier1_011_heart_failure_and_coronary_heart_disease	0.567044987645766	0.701786106509402	asymmetric_support_without_demonstrated_heterogeneity	asymmetric_support_without_demonstrated_heterogeneity	No FDR heterogeneity	19
uacr_ckdgen_ea	tier1_012_hypotension	0.138434900224509	0.249862995171317	inconclusive_or_no_evidence_in_either_source	inconclusive_or_no_evidence_in_either_source	No FDR heterogeneity	19
uacr_ckdgen_ea	tier1_013_unstable_angina_pectoris	0.057652076524576	-0.115937925727884	inconclusive_or_no_evidence_in_either_source	inconclusive_or_no_evidence_in_either_source	No FDR heterogeneity	19
uacr_ckdgen_ea	tier1_014_hernia	0.0324878041595966	0.00448880428060513	inconclusive_or_no_evidence_in_either_source	inconclusive_or_no_evidence_in_either_source	No FDR heterogeneity	22
uacr_ckdgen_ea	tier1_015_diverticular_disease_of_intestine	-0.0893050603311255	-0.074581372053304	inconclusive_or_no_evidence_in_either_source	inconclusive_or_no_evidence_in_either_source	No FDR heterogeneity	22
uacr_ckdgen_ea	tier1_016_hernia_of_abdominal_wall	0.123285966736024	0.101027778228914	inconclusive_or_no_evidence_in_either_source	inconclusive_or_no_evidence_in_either_source	No FDR heterogeneity	22
uacr_ckdgen_ea	tier1_017_inguinal_hernia	-0.0187761697015784	0.0116384221201146	inconclusive_or_no_evidence_in_either_source	inconclusive_or_no_evidence_in_either_source	No FDR heterogeneity	20
uacr_ckdgen_ea	tier1_018_cholelithiasis	-0.128427863426728	-0.012024725803733	inconclusive_or_no_evidence_in_either_source	inconclusive_or_no_evidence_in_either_source	No FDR heterogeneity	22
uacr_ckdgen_ea	tier1_019_diaphragmatic_hernia	0.253469633259343	0.191370850086918	inconclusive_or_no_evidence_in_either_source	inconclusive_or_no_evidence_in_either_source	No FDR heterogeneity	26
uacr_ckdgen_ea	tier1_020_obesity_related_asthma	0.133615608426428	0.105748372729191	inconclusive_or_no_evidence_in_either_source	inconclusive_or_no_evidence_in_either_source	No FDR heterogeneity	20
uacr_ckdgen_ea	tier1_021_influenza_and_pneumonia	0.0989535675502801	0.150945641711979	inconclusive_or_no_evidence_in_either_source	inconclusive_or_no_evidence_in_either_source	No FDR heterogeneity	20
uacr_ckdgen_ea	tier1_022_asthma_related_pneumonia	0.250464575778061	0.241862649695795	inconclusive_or_no_evidence_in_either_source	inconclusive_or_no_evidence_in_either_source	No FDR heterogeneity	20
uacr_ckdgen_ea	tier1_023_constipation	0.115586762523204	0.0674709991474738	inconclusive_or_no_evidence_in_either_source	inconclusive_or_no_evidence_in_either_source	No FDR heterogeneity	20
uacr_ckdgen_ea	tier1_024_other_gastritis_incl_duodenitis	0.278871360299283	0.239299643940113	inconclusive_or_no_evidence_in_either_source	inconclusive_or_no_evidence_in_either_source	No FDR heterogeneity	22
uacr_ckdgen_ea	tier1_025_hernia_of_abdominal_wall_postoperative	0.14748002469306	0.135340673528025	inconclusive_or_no_evidence_in_either_source	inconclusive_or_no_evidence_in_either_source	No FDR heterogeneity	22
uacr_ckdgen_ea	tier1_026_irritable_bowel_syndrome	-0.0801988836944864	-0.125200747526593	inconclusive_or_no_evidence_in_either_source	inconclusive_or_no_evidence_in_either_source	No FDR heterogeneity	19
uacr_ckdgen_ea	tier1_027_pleural_effusion	0.229091865608899	0.174547898556931	inconclusive_or_no_evidence_in_either_source	inconclusive_or_no_evidence_in_either_source	No FDR heterogeneity	19
uacr_ckdgen_ea	tier1_028_gastric_ulcer	0.245463040143607	0.184418399605715	inconclusive_or_no_evidence_in_either_source	inconclusive_or_no_evidence_in_either_source	No FDR heterogeneity	19
uacr_ckdgen_ea	tier1_029_noninflammatory_disorders_of_female_genital_tract	0.240986267225606	0.176701526150431	inconclusive_or_no_evidence_in_either_source	inconclusive_or_no_evidence_in_either_source	No FDR heterogeneity	22
uacr_ckdgen_ea	tier1_030_hyperplasia_of_prostate	-0.245750421648284	-0.328369957472903	inconclusive_or_no_evidence_in_either_source	inconclusive_or_no_evidence_in_either_source	No FDR heterogeneity	19
uacr_ckdgen_ea	tier1_031_renal_failure	0.193273584750016	0.252548761179441	inconclusive_or_no_evidence_in_either_source	inconclusive_or_no_evidence_in_either_source	No FDR heterogeneity	19
uacr_ckdgen_ea	tier1_032_polyp_of_the_female_genital_tract	0.107562047062184	-0.0199633683431428	inconclusive_or_no_evidence_in_either_source	inconclusive_or_no_evidence_in_either_source	No FDR heterogeneity	19
uacr_ckdgen_ea	tier1_033_postmenopausal_bleeding	0.400549425533215	0.308025523806723	asymmetric_support_without_demonstrated_heterogeneity	asymmetric_support_without_demonstrated_heterogeneity	No FDR heterogeneity	19
uacr_ckdgen_ea	tier1_034_acute_renal_failure	0.406558931361186	0.246383440739037	inconclusive_or_no_evidence_in_either_source	inconclusive_or_no_evidence_in_either_source	No FDR heterogeneity	19
uacr_ckdgen_ea	tier1_035_inflammatory_diseases_of_female_pelvic_organs	0.21817544321126	0.144311716596736	inconclusive_or_no_evidence_in_either_source	inconclusive_or_no_evidence_in_either_source	No FDR heterogeneity	18
uacr_ckdgen_ea	tier1_036_ovarian_cyst	0.599062047781277	0.492148856559781	inconclusive_or_no_evidence_in_either_source	inconclusive_or_no_evidence_in_either_source	No FDR heterogeneity	19
uacr_ckdgen_ea	tier1_037_low_back_pain	0.144015028470081	0.12056927306229	asymmetric_support_without_demonstrated_heterogeneity	asymmetric_support_without_demonstrated_heterogeneity	No FDR heterogeneity	23
uacr_ckdgen_ea	tier1_038_disorders_of_synovium_and_tendon	-0.193131231390035	-0.316499208436652	inconclusive_or_no_evidence_in_either_source	asymmetric_support_without_demonstrated_heterogeneity	No FDR heterogeneity	19
uacr_ckdgen_ea	tier1_039_pain_in_joint	-0.201509615013487	-0.172763142056081	inconclusive_or_no_evidence_in_either_source	inconclusive_or_no_evidence_in_either_source	No FDR heterogeneity	19
uacr_ckdgen_ea	tier1_040_osteoporosis	0.34027268903684	0.418121936665891	asymmetric_support_without_demonstrated_heterogeneity	asymmetric_support_without_demonstrated_heterogeneity	No FDR heterogeneity	19
uacr_ckdgen_ea	tier1_041_pain_in_limb	-0.021719527150854	0.0574722468817904	asymmetric_support_without_demonstrated_heterogeneity	inconclusive_or_no_evidence_in_either_source	No FDR heterogeneity	19
uacr_ckdgen_ea	tier1_042_polyarthropathies	0.015436608161063	-0.120316539013445	inconclusive_or_no_evidence_in_either_source	inconclusive_or_no_evidence_in_either_source	No FDR heterogeneity	20
uacr_ckdgen_ea	tier1_043_rheumatoid_arthritis	0.019754985009599	-0.0130509221894281	inconclusive_or_no_evidence_in_either_source	inconclusive_or_no_evidence_in_either_source	No FDR heterogeneity	19
uacr_ckdgen_ea	tier1_044_spinal_stenosis	0.375237113994977	0.504343768950608	asymmetric_support_without_demonstrated_heterogeneity	asymmetric_support_without_demonstrated_heterogeneity	No FDR heterogeneity	19
uacr_ckdgen_ea	tier1_045_sleep_disorders_combined	-0.0901305702555539	-0.176342931821805	inconclusive_or_no_evidence_in_either_source	inconclusive_or_no_evidence_in_either_source	No FDR heterogeneity	22
uacr_ckdgen_ea	tier1_046_sleep_apnoea	-0.0816499162408018	-0.123819763395205	inconclusive_or_no_evidence_in_either_source	inconclusive_or_no_evidence_in_either_source	No FDR heterogeneity	20
uacr_ckdgen_ea	tier1_047_cardiac_arrhythmias	0.0359179502358534	-0.00912446082528608	inconclusive_or_no_evidence_in_either_source	inconclusive_or_no_evidence_in_either_source	No FDR heterogeneity	22
uacr_ckdgen_ea	tier1_048_pain_limb_back_neck_head_abdominally	0.25719780539471	0.252080265411908	asymmetric_support_without_demonstrated_heterogeneity	asymmetric_support_without_demonstrated_heterogeneity	No FDR heterogeneity	23
uacr_ckdgen_ea	tier1_049_iron_deficiency_anaemia	-0.022409159043964	-0.00205038909337306	inconclusive_or_no_evidence_in_either_source	inconclusive_or_no_evidence_in_either_source	No FDR heterogeneity	20
uacr_ckdgen_ea	tier1_050_retention_of_urine	-0.421362852919488	-0.366336047845855	asymmetric_support_without_demonstrated_heterogeneity	asymmetric_support_without_demonstrated_heterogeneity	No FDR heterogeneity	19
uacr_ckdgen_ea	tier1_051_senile_cataract	-0.162788143976101	-0.255018581593586	inconclusive_or_no_evidence_in_either_source	inconclusive_or_no_evidence_in_either_source	No FDR heterogeneity	19
uacr_ckdgen_ea	tier1_052_other_disorders_of_eyelid	-0.35630734021139	-0.243577640742862	inconclusive_or_no_evidence_in_either_source	inconclusive_or_no_evidence_in_either_source	No FDR heterogeneity	19
uacr_ckdgen_ea	tier1_053_glaucoma	-0.117943875414113	0.102082077189457	inconclusive_or_no_evidence_in_either_source	inconclusive_or_no_evidence_in_either_source	No FDR heterogeneity	19
whradj_bmi_giant_eur	tier1_001_hypertension	-0.008029430051822	-0.0200173573724706	concordant_cross_source_support	concordant_cross_source_support	No FDR heterogeneity	33
whradj_bmi_giant_eur	tier1_002_hypertension_essential	-0.0368599275522	-0.0490789308967867	concordant_cross_source_support	concordant_cross_source_support	No FDR heterogeneity	33
whradj_bmi_giant_eur	tier1_003_ischaemic_heart_disease_wide_definition	-0.147008738493844	-0.153638333718116	concordant_cross_source_support	concordant_cross_source_support	No FDR heterogeneity	33
whradj_bmi_giant_eur	tier1_004_angina_pectoris	-0.233110346487897	-0.208274130723444	asymmetric_support_without_demonstrated_heterogeneity	asymmetric_support_without_demonstrated_heterogeneity	No FDR heterogeneity	31
whradj_bmi_giant_eur	tier1_005_atrial_fibrillation_and_flutter	0.0943131724111602	0.1349498863882	inconclusive_or_no_evidence_in_either_source	inconclusive_or_no_evidence_in_either_source	No FDR heterogeneity	29
whradj_bmi_giant_eur	tier1_006_obesity	0.148053966114131	0.165736657977544	asymmetric_support_without_demonstrated_heterogeneity	asymmetric_support_without_demonstrated_heterogeneity	No FDR heterogeneity	31
whradj_bmi_giant_eur	tier1_007_obesity_due_to_excess_calories	0.197220560016937	0.209610127747606	asymmetric_support_without_demonstrated_heterogeneity	asymmetric_support_without_demonstrated_heterogeneity	No FDR heterogeneity	31
whradj_bmi_giant_eur	tier1_008_varicose_veins	0.08644650863076	0.059179256539303	concordant_cross_source_support	concordant_cross_source_support	No FDR heterogeneity	31
whradj_bmi_giant_eur	tier1_009_conduction_disorders	0.0828761391642962	0.187547293800386	inconclusive_or_no_evidence_in_either_source	inconclusive_or_no_evidence_in_either_source	No FDR heterogeneity	29
whradj_bmi_giant_eur	tier1_010_heart_failure_strict	-0.0623953215920235	-0.0401179918243106	inconclusive_or_no_evidence_in_either_source	inconclusive_or_no_evidence_in_either_source	No FDR heterogeneity	29
whradj_bmi_giant_eur	tier1_011_heart_failure_and_coronary_heart_disease	0.175396063878584	0.14322242991052	asymmetric_support_without_demonstrated_heterogeneity	inconclusive_or_no_evidence_in_either_source	No FDR heterogeneity	29
whradj_bmi_giant_eur	tier1_012_hypotension	-0.368136598025655	-0.371762857397557	inconclusive_or_no_evidence_in_either_source	inconclusive_or_no_evidence_in_either_source	No FDR heterogeneity	29
whradj_bmi_giant_eur	tier1_013_unstable_angina_pectoris	-0.206156977643645	-0.220191530278299	asymmetric_support_without_demonstrated_heterogeneity	asymmetric_support_without_demonstrated_heterogeneity	No FDR heterogeneity	29
whradj_bmi_giant_eur	tier1_014_hernia	-0.120038680026913	-0.108764514257287	inconclusive_or_no_evidence_in_either_source	inconclusive_or_no_evidence_in_either_source	No FDR heterogeneity	32
whradj_bmi_giant_eur	tier1_015_diverticular_disease_of_intestine	-0.038623243658905	-0.0790967193094568	asymmetric_support_without_demonstrated_heterogeneity	asymmetric_support_without_demonstrated_heterogeneity	No FDR heterogeneity	31
whradj_bmi_giant_eur	tier1_016_hernia_of_abdominal_wall	-0.0773481053857174	-0.0718764289054539	inconclusive_or_no_evidence_in_either_source	inconclusive_or_no_evidence_in_either_source	No FDR heterogeneity	32
whradj_bmi_giant_eur	tier1_017_inguinal_hernia	0.204962214866952	0.203762900870394	asymmetric_support_without_demonstrated_heterogeneity	asymmetric_support_without_demonstrated_heterogeneity	No FDR heterogeneity	31
whradj_bmi_giant_eur	tier1_018_cholelithiasis	0.113054805070182	0.157445637680553	inconclusive_or_no_evidence_in_either_source	inconclusive_or_no_evidence_in_either_source	No FDR heterogeneity	31
whradj_bmi_giant_eur	tier1_019_diaphragmatic_hernia	-0.143041587292378	-0.170728753251352	inconclusive_or_no_evidence_in_either_source	inconclusive_or_no_evidence_in_either_source	No FDR heterogeneity	32
whradj_bmi_giant_eur	tier1_020_obesity_related_asthma	0.222609126272823	0.244189923116283	asymmetric_support_without_demonstrated_heterogeneity	asymmetric_support_without_demonstrated_heterogeneity	No FDR heterogeneity	30
whradj_bmi_giant_eur	tier1_021_influenza_and_pneumonia	-0.071070117283914	-0.0862409203874973	inconclusive_or_no_evidence_in_either_source	inconclusive_or_no_evidence_in_either_source	No FDR heterogeneity	31
whradj_bmi_giant_eur	tier1_022_asthma_related_pneumonia	-0.235006416884566	-0.198242877244084	asymmetric_support_without_demonstrated_heterogeneity	inconclusive_or_no_evidence_in_either_source	No FDR heterogeneity	31
whradj_bmi_giant_eur	tier1_023_constipation	0.000558042254181698	-0.0226160630378786	inconclusive_or_no_evidence_in_either_source	inconclusive_or_no_evidence_in_either_source	No FDR heterogeneity	31
whradj_bmi_giant_eur	tier1_024_other_gastritis_incl_duodenitis	-0.065977364099701	-0.0826365544768497	asymmetric_support_without_demonstrated_heterogeneity	asymmetric_support_without_demonstrated_heterogeneity	No FDR heterogeneity	31
whradj_bmi_giant_eur	tier1_025_hernia_of_abdominal_wall_postoperative	-0.116674112515509	-0.0977002625303393	inconclusive_or_no_evidence_in_either_source	inconclusive_or_no_evidence_in_either_source	No FDR heterogeneity	32
whradj_bmi_giant_eur	tier1_026_irritable_bowel_syndrome	0.158043875311485	0.0915359000715572	inconclusive_or_no_evidence_in_either_source	inconclusive_or_no_evidence_in_either_source	No FDR heterogeneity	29
whradj_bmi_giant_eur	tier1_027_pleural_effusion	-0.0530349059659223	-0.0342858937901231	inconclusive_or_no_evidence_in_either_source	inconclusive_or_no_evidence_in_either_source	No FDR heterogeneity	29
whradj_bmi_giant_eur	tier1_028_gastric_ulcer	-0.411339341125274	-0.340924768570485	asymmetric_support_without_demonstrated_heterogeneity	asymmetric_support_without_demonstrated_heterogeneity	No FDR heterogeneity	29
whradj_bmi_giant_eur	tier1_029_noninflammatory_disorders_of_female_genital_tract	-0.0786904426600302	-0.113260460027684	inconclusive_or_no_evidence_in_either_source	inconclusive_or_no_evidence_in_either_source	No FDR heterogeneity	31
whradj_bmi_giant_eur	tier1_030_hyperplasia_of_prostate	-0.298287832611749	-0.271779312481329	inconclusive_or_no_evidence_in_either_source	inconclusive_or_no_evidence_in_either_source	No FDR heterogeneity	29
whradj_bmi_giant_eur	tier1_031_renal_failure	-0.153583684696237	-0.116250645639152	asymmetric_support_without_demonstrated_heterogeneity	asymmetric_support_without_demonstrated_heterogeneity	No FDR heterogeneity	29
whradj_bmi_giant_eur	tier1_032_polyp_of_the_female_genital_tract	0.0924682340794131	0.0249209831373247	inconclusive_or_no_evidence_in_either_source	inconclusive_or_no_evidence_in_either_source	No FDR heterogeneity	31
whradj_bmi_giant_eur	tier1_033_postmenopausal_bleeding	0.0382683842423275	0.00469174174331341	inconclusive_or_no_evidence_in_either_source	inconclusive_or_no_evidence_in_either_source	No FDR heterogeneity	31
whradj_bmi_giant_eur	tier1_034_acute_renal_failure	-0.107549397821509	-0.141458665900757	inconclusive_or_no_evidence_in_either_source	inconclusive_or_no_evidence_in_either_source	No FDR heterogeneity	29
whradj_bmi_giant_eur	tier1_035_inflammatory_diseases_of_female_pelvic_organs	-0.155990599519838	-0.173989072278816	inconclusive_or_no_evidence_in_either_source	inconclusive_or_no_evidence_in_either_source	No FDR heterogeneity	31
whradj_bmi_giant_eur	tier1_036_ovarian_cyst	0.194477132524339	0.104094386177807	inconclusive_or_no_evidence_in_either_source	inconclusive_or_no_evidence_in_either_source	No FDR heterogeneity	29
whradj_bmi_giant_eur	tier1_037_low_back_pain	-0.0834713782148226	-0.0692653838388641	inconclusive_or_no_evidence_in_either_source	inconclusive_or_no_evidence_in_either_source	No FDR heterogeneity	32
whradj_bmi_giant_eur	tier1_038_disorders_of_synovium_and_tendon	-0.202190982823291	-0.202450248854386	asymmetric_support_without_demonstrated_heterogeneity	asymmetric_support_without_demonstrated_heterogeneity	No FDR heterogeneity	31
whradj_bmi_giant_eur	tier1_039_pain_in_joint	-0.0153332129428496	-0.0461012464375955	inconclusive_or_no_evidence_in_either_source	inconclusive_or_no_evidence_in_either_source	No FDR heterogeneity	29
whradj_bmi_giant_eur	tier1_040_osteoporosis	-0.272549689611838	-0.286436714534068	inconclusive_or_no_evidence_in_either_source	inconclusive_or_no_evidence_in_either_source	No FDR heterogeneity	29
whradj_bmi_giant_eur	tier1_041_pain_in_limb	-0.26349685532121	-0.279144734899977	inconclusive_or_no_evidence_in_either_source	inconclusive_or_no_evidence_in_either_source	No FDR heterogeneity	29
whradj_bmi_giant_eur	tier1_042_polyarthropathies	-0.33872116262735	-0.343582387487629	asymmetric_support_without_demonstrated_heterogeneity	asymmetric_support_without_demonstrated_heterogeneity	No FDR heterogeneity	31
whradj_bmi_giant_eur	tier1_043_rheumatoid_arthritis	-0.279059401989917	-0.208202041981253	asymmetric_support_without_demonstrated_heterogeneity	asymmetric_support_without_demonstrated_heterogeneity	No FDR heterogeneity	29
whradj_bmi_giant_eur	tier1_044_spinal_stenosis	-0.189111845750856	-0.141714370064222	inconclusive_or_no_evidence_in_either_source	inconclusive_or_no_evidence_in_either_source	No FDR heterogeneity	29
whradj_bmi_giant_eur	tier1_045_sleep_disorders_combined	-0.0910551235253129	-0.0886395268939455	inconclusive_or_no_evidence_in_either_source	inconclusive_or_no_evidence_in_either_source	No FDR heterogeneity	31
whradj_bmi_giant_eur	tier1_046_sleep_apnoea	-0.127528050642634	-0.119856776281814	inconclusive_or_no_evidence_in_either_source	inconclusive_or_no_evidence_in_either_source	No FDR heterogeneity	31
whradj_bmi_giant_eur	tier1_047_cardiac_arrhythmias	-0.0108561246689446	-0.00444800654650748	inconclusive_or_no_evidence_in_either_source	inconclusive_or_no_evidence_in_either_source	No FDR heterogeneity	31
whradj_bmi_giant_eur	tier1_048_pain_limb_back_neck_head_abdominally	-0.125710404086016	-0.131073879800581	inconclusive_or_no_evidence_in_either_source	inconclusive_or_no_evidence_in_either_source	No FDR heterogeneity	32
whradj_bmi_giant_eur	tier1_049_iron_deficiency_anaemia	-0.155555983162914	-0.145098209966506	asymmetric_support_without_demonstrated_heterogeneity	asymmetric_support_without_demonstrated_heterogeneity	No FDR heterogeneity	31
whradj_bmi_giant_eur	tier1_050_retention_of_urine	-0.17552760399717	-0.153899838812077	asymmetric_support_without_demonstrated_heterogeneity	asymmetric_support_without_demonstrated_heterogeneity	No FDR heterogeneity	29
whradj_bmi_giant_eur	tier1_051_senile_cataract	-0.071986431150688	-0.0915168519553134	inconclusive_or_no_evidence_in_either_source	inconclusive_or_no_evidence_in_either_source	No FDR heterogeneity	31
whradj_bmi_giant_eur	tier1_052_other_disorders_of_eyelid	-0.077894774841095	-0.152806143816128	inconclusive_or_no_evidence_in_either_source	inconclusive_or_no_evidence_in_either_source	No FDR heterogeneity	29
whradj_bmi_giant_eur	tier1_053_glaucoma	-0.281118343088112	-0.306139719412897	inconclusive_or_no_evidence_in_either_source	inconclusive_or_no_evidence_in_either_source	No FDR heterogeneity	29
